,fitness,n_attr
876,0.0,6.0
941,0.0,7.0
1044,0.0,7.0
264,0.0,8.0
288,0.0,8.0
411,0.0,8.0
640,0.0,8.0
46,0.0,9.0
482,0.0,9.0
840,0.0,9.0
140,0.0,10.0
476,0.0,10.0
911,0.0,10.0
26,0.0,11.0
133,0.0,11.0
241,0.0,11.0
993,0.0,11.0
996,0.0,11.0
92,0.0,12.0
129,0.0,12.0
179,0.0,12.0
296,0.0,12.0
460,0.0,12.0
472,0.0,12.0
121,0.0,13.0
465,0.0,13.0
14,0.0,14.0
160,0.0,14.0
226,0.0,14.0
227,0.0,14.0
176,0.0,15.0
213,0.0,15.0
217,0.0,15.0
16,0.0,16.0
93,0.0,16.0
190,0.0,16.0
206,0.0,16.0
208,0.0,16.0
3,0.0,18.0
105,0.0,18.0
20,0.0,19.0
25,0.0,19.0
21,0.0,21.0
203,0.1037479157262056,24.0
13,0.10669605635436347,24.0
193,0.11006326659761215,20.0
201,0.11409573994279462,20.0
108,0.11780020203410997,16.0
186,0.11835619406877965,17.0
199,0.11989262717984604,19.0
91,0.1201401377381409,18.0
202,0.12021425216657947,19.0
27,0.12030461924843544,19.0
191,0.12047610483816984,19.0
114,0.12165441097394464,18.0
8,0.12410951332616948,17.0
200,0.1246329899240207,19.0
113,0.12474988924021853,17.0
99,0.12529143844559448,19.0
276,0.12552805107615309,19.0
102,0.12594387224304587,17.0
41,0.12633222959147122,17.0
4,0.12633571813823358,18.0
119,0.12663170848210917,16.0
118,0.12693885686479311,19.0
104,0.12699824879290553,16.0
112,0.1285079513404318,18.0
188,0.12910993516405242,14.0
111,0.13037481572471532,14.0
0,0.13048685155093728,19.0
56,0.1305252632554284,16.0
180,0.1316151874118778,17.0
100,0.13166061608490134,17.0
106,0.1327580504457426,13.0
7,0.13290525002231568,17.0
110,0.1334285287896628,16.0
29,0.13396658933822733,15.0
145,0.13421674833928893,13.0
23,0.13431071643091477,14.0
185,0.13462792853736053,16.0
184,0.1351325119988334,17.0
139,0.13513528903149694,16.0
95,0.13593541864583705,15.0
45,0.13597220998262521,14.0
97,0.13614500165030038,15.0
107,0.13626852829698433,16.0
11,0.13651343553201983,15.0
18,0.13689325098678926,13.0
189,0.13697929268965905,16.0
109,0.13706068952003445,11.0
28,0.1372270503377201,13.0
135,0.13726849027545862,15.0
297,0.13745618809753357,16.0
204,0.13788879565157683,13.0
33,0.13812148482932274,15.0
231,0.1392963574726348,16.0
115,0.1393584952661838,15.0
125,0.1394249188167012,13.0
17,0.13998082487605826,17.0
169,0.14125969778947503,14.0
362,0.14145803838023938,13.0
196,0.14146995650588237,13.0
479,0.14159670838161556,14.0
50,0.1417904997414637,15.0
181,0.14190184796381633,16.0
194,0.1419918478194866,16.0
117,0.1423641355033496,16.0
235,0.14293382398960144,15.0
116,0.1430580608156874,16.0
94,0.14398719837095397,15.0
464,0.1441524168624486,14.0
12,0.1453233640086711,16.0
22,0.1455065688285187,13.0
141,0.14576131570290507,12.0
183,0.14595651816763483,12.0
6,0.1459751205373919,14.0
205,0.14605311246759953,13.0
42,0.1463865440772712,14.0
127,0.14645341244909513,14.0
451,0.1465826480965219,12.0
19,0.1471194454463337,13.0
273,0.14726418063336136,12.0
192,0.14789162544288628,14.0
36,0.14804020104497936,13.0
90,0.1481496548181789,14.0
370,0.14903725608427548,14.0
224,0.14908082226210762,13.0
459,0.14978226771334294,12.0
234,0.15001805638627477,12.0
1013,0.15047760191052523,12.0
281,0.15075586297701657,12.0
54,0.15077954925821044,14.0
187,0.15093607084988678,13.0
211,0.1510897992794284,13.0
122,0.15127550489550165,16.0
282,0.15153805459910744,13.0
65,0.15190421119627848,13.0
60,0.15196391197675438,13.0
2,0.15232552807960115,10.0
40,0.15233993319013336,12.0
149,0.15237008036024113,13.0
15,0.15264639485362153,12.0
473,0.15271859888323977,12.0
365,0.15285352126091867,13.0
383,0.15292137995134825,14.0
89,0.1529459011445443,14.0
382,0.15297072474632675,12.0
364,0.1530336261011852,12.0
96,0.1533390951876802,11.0
197,0.15344010174719483,14.0
291,0.15345160047958423,10.0
230,0.1539474088765145,12.0
915,0.15442130302481036,12.0
907,0.15450988100885488,11.0
123,0.15455786230951005,9.0
171,0.15460699143302722,11.0
237,0.1549130003354435,15.0
906,0.15530661207679652,12.0
233,0.1553097901473558,13.0
835,0.15537261534819966,11.0
287,0.15537751704970787,10.0
167,0.15602736254515565,10.0
997,0.15637018156339863,12.0
34,0.15650220789736957,11.0
195,0.1570406103232719,12.0
146,0.15710060458467406,12.0
53,0.15785521112040343,12.0
24,0.15785854879484812,11.0
151,0.1580247799958346,12.0
132,0.15818894227586505,11.0
158,0.1584439726926619,11.0
39,0.15864945164264632,9.0
279,0.1590096067149771,10.0
143,0.15930750390842224,13.0
101,0.15933329799244825,12.0
477,0.1595705248595706,11.0
130,0.15958408756398357,9.0
452,0.15969573062642564,11.0
375,0.15987916468688337,11.0
294,0.15991234852679748,12.0
361,0.16004503808816098,11.0
37,0.16007865475560107,10.0
826,0.16013536737087128,14.0
147,0.16016003980188273,12.0
467,0.16048571598273406,12.0
222,0.16068989693550395,10.0
209,0.16089167643946067,12.0
998,0.16090072675135195,12.0
43,0.16119519640771124,13.0
9,0.16132104534167102,13.0
161,0.16167858482226086,11.0
838,0.1618711089002123,12.0
198,0.16189962918285247,13.0
299,0.16190106956399114,10.0
73,0.1619260915973405,11.0
229,0.16199620359042075,11.0
373,0.16211927540771381,10.0
138,0.1626520004220966,12.0
48,0.16274942564529585,11.0
163,0.1627520900390894,10.0
144,0.16296742120448854,10.0
238,0.16317184745872645,11.0
249,0.1634017299702996,12.0
58,0.16344480587026608,12.0
387,0.1636136713907324,10.0
468,0.1639839949891581,11.0
384,0.16403933941916632,10.0
811,0.16406645710650386,11.0
212,0.1640772021758748,9.0
813,0.16421861489551098,12.0
136,0.16429671353825417,11.0
810,0.16469957748916517,11.0
1019,0.16471614117413072,11.0
470,0.16475688774882732,12.0
948,0.16511557734948232,9.0
1002,0.16518974068200268,12.0
994,0.16548012140555732,12.0
165,0.1655718698797535,11.0
285,0.16565606034923952,10.0
293,0.16591423810543357,10.0
925,0.16600129946599973,10.0
214,0.1661198187389978,11.0
215,0.16628449187068475,10.0
142,0.16635455451650685,12.0
461,0.1664850736827903,11.0
834,0.16648635204011886,11.0
207,0.1666868570465886,9.0
290,0.16687271739080722,11.0
173,0.1669959790528809,9.0
49,0.1670740878911932,10.0
990,0.16708085773295867,12.0
820,0.16736369549814786,10.0
295,0.1675495677153553,10.0
177,0.1676199732951946,11.0
62,0.16769698045348577,11.0
255,0.1678743576699488,10.0
77,0.16797299550208664,9.0
910,0.16817885759890097,9.0
220,0.16823880484219533,11.0
239,0.16825707061130996,11.0
263,0.16826268376601747,11.0
66,0.16829936185737998,11.0
950,0.16849048578854872,10.0
304,0.16873199951324985,10.0
182,0.16874836913119642,11.0
1,0.16883013519704348,11.0
47,0.168884802958097,10.0
816,0.1689542035064019,10.0
55,0.16904535274936225,11.0
269,0.1691033503064346,9.0
913,0.1692106011233665,9.0
824,0.1694099629544094,13.0
490,0.16951781390396636,9.0
86,0.17020992369183066,12.0
458,0.17022746935307312,10.0
471,0.17023620770566594,11.0
1017,0.17024552129356246,10.0
277,0.1702865408763046,11.0
924,0.17034536960315105,9.0
210,0.1704634927584465,10.0
248,0.17057321805472234,10.0
223,0.17115652382050936,9.0
68,0.17130308372076153,11.0
548,0.17157486830314647,10.0
157,0.17170954294450996,11.0
466,0.17199457149263048,10.0
148,0.1721714524093261,11.0
52,0.17220402261045586,9.0
30,0.17243033141508887,9.0
920,0.17250557301127942,9.0
916,0.17283708179833618,11.0
822,0.17333914255531674,10.0
917,0.17356434967598838,10.0
1005,0.17361197540594678,9.0
278,0.17381562340045176,9.0
286,0.1741938706379445,10.0
134,0.17426642766965078,9.0
259,0.1745217086860182,9.0
376,0.1746154391938512,9.0
828,0.1749451345265567,9.0
152,0.17496184995758082,10.0
372,0.17548715058570485,9.0
462,0.17559177567757653,8.0
992,0.17585166379699865,9.0
371,0.17587245475931076,9.0
283,0.1759930618161022,9.0
236,0.17599554544492615,9.0
1067,0.17634589021518304,9.0
827,0.17652304998706037,10.0
475,0.17655261282430448,11.0
991,0.17685854424882483,9.0
900,0.17697693507160078,10.0
126,0.17710621508662458,11.0
412,0.17712957238928775,9.0
252,0.17739144422268635,10.0
932,0.17749495754135322,10.0
866,0.17772846795896394,11.0
812,0.17790135518251138,11.0
360,0.17791944158382145,9.0
292,0.17795527884899884,8.0
240,0.1779901997584511,9.0
1083,0.17822294277182096,8.0
1003,0.17830613339466952,9.0
271,0.17850889690618976,9.0
1006,0.17881250325091294,8.0
275,0.17890667038688451,8.0
389,0.1789746332008302,8.0
35,0.17899445077671014,11.0
837,0.17932220493309733,9.0
369,0.1794902375748252,10.0
5,0.17970935650221337,9.0
38,0.17976099918829702,8.0
829,0.1798015206859269,9.0
67,0.17992089747280374,9.0
463,0.180017849788976,8.0
891,0.18012030856012828,8.0
469,0.18022146033725747,8.0
221,0.18024185934864342,9.0
928,0.18025599010226798,9.0
88,0.18032340648191156,9.0
474,0.18042730862306314,10.0
912,0.18044211489501302,9.0
643,0.1806059598302183,8.0
385,0.18116015563384347,9.0
242,0.1812173676105403,8.0
137,0.1817333605450959,9.0
272,0.18175783248913963,10.0
381,0.18179194168562857,9.0
830,0.18184794984447517,9.0
852,0.1818703531184097,9.0
225,0.18187246656244205,9.0
280,0.18187670149544466,9.0
457,0.1819936433548182,9.0
298,0.18209254663256108,8.0
818,0.1821112587028453,10.0
172,0.1821392232654744,8.0
84,0.18244100558698423,10.0
32,0.18267378188790592,9.0
927,0.18267621648021348,9.0
120,0.18279839739212794,10.0
218,0.1828971496017975,9.0
1042,0.1829580939849413,8.0
735,0.1830445331672579,8.0
64,0.18306618859180063,10.0
819,0.18334282527066834,8.0
70,0.1834493650550604,8.0
918,0.1838605503011847,8.0
153,0.18407133114435292,10.0
363,0.18418613368170683,8.0
10,0.18469298085894229,9.0
1016,0.18499845390057806,10.0
839,0.18500424720881098,10.0
380,0.18511756193194745,10.0
1829,0.1852173628174957,9.0
1010,0.18527626940405417,10.0
407,0.18530866910040972,8.0
265,0.1853527949487459,9.0
563,0.1855785016087581,8.0
1819,0.18561984154999372,8.0
174,0.1856259164731711,7.0
258,0.18587890131428647,10.0
256,0.18611027087127394,9.0
999,0.18611027087127394,9.0
81,0.1863803914081589,8.0
923,0.186794025561746,10.0
909,0.18705835905222631,8.0
478,0.18716210461353414,8.0
823,0.18731455440135508,9.0
1639,0.18731455440135508,9.0
921,0.18735412739045587,9.0
905,0.18753224041462227,9.0
970,0.18753867742376998,9.0
103,0.1876783505530858,9.0
253,0.18772110978404005,9.0
902,0.18781511198191356,9.0
564,0.1878457412520457,8.0
1716,0.18790032802872147,8.0
901,0.1883288676640965,9.0
842,0.1883341736830686,9.0
1008,0.1883479879684886,8.0
1004,0.1884107754968806,8.0
1022,0.1884698677294066,8.0
904,0.18862269997055506,7.0
1063,0.1887216807293843,7.0
955,0.18882547969216537,9.0
57,0.18896544459902137,8.0
309,0.18901188633261828,8.0
162,0.1890982946028145,8.0
262,0.18934582443284573,8.0
919,0.1893514053523594,9.0
1014,0.18962510301195784,8.0
124,0.18969164933138424,8.0
937,0.18980375459628585,9.0
1086,0.18987716543627856,7.0
870,0.19016703237642957,8.0
155,0.19058052249176388,8.0
367,0.19086622439859321,8.0
496,0.19150899565092186,7.0
825,0.19156536798274607,8.0
454,0.1917516497998282,9.0
59,0.1917580868089759,9.0
858,0.1917709939581706,8.0
1179,0.1919048727360491,8.0
394,0.19201656765477568,7.0
1000,0.19201656765477568,7.0
386,0.192152116641558,8.0
87,0.1922417228790278,9.0
873,0.19252899921341,8.0
860,0.19253001401337586,7.0
219,0.19261188156910747,9.0
1646,0.19282712349649475,7.0
1826,0.19296587263598833,6.0
396,0.1931354369128119,9.0
495,0.19313908853571626,6.0
843,0.19335831336178802,8.0
547,0.1933892016350081,7.0
164,0.19340794986926768,8.0
1051,0.19349653903239553,6.0
1072,0.19357547500932495,8.0
1810,0.1937567500867312,8.0
1803,0.19379484636398184,6.0
61,0.19389522710804855,8.0
814,0.19389522710804855,8.0
1001,0.1939497809733477,7.0
1723,0.19398935202734,7.0
1036,0.194031807270338,6.0
1551,0.19405871912272601,5.0
366,0.19407106789839285,8.0
1621,0.1941008530834731,8.0
429,0.1944046811319722,7.0
846,0.19441900122431924,7.0
1714,0.19441900122431924,7.0
940,0.19442107209212162,8.0
393,0.19487172782170575,8.0
243,0.19509884187392726,7.0
301,0.1951877522243569,6.0
657,0.19526179902419355,8.0
1661,0.1953686924621547,5.0
150,0.19537864732283663,7.0
232,0.19537864732283663,7.0
1275,0.1954353747599562,7.0
404,0.19549156344167873,6.0
423,0.1954965891088934,7.0
957,0.19556868810012928,6.0
98,0.1956250177094961,8.0
85,0.1956814625644676,8.0
557,0.19569884545448105,6.0
368,0.19575699872374072,7.0
257,0.19582310557384122,7.0
1009,0.19582310557384122,7.0
83,0.19600121466319118,8.0
1715,0.1960342360169951,5.0
817,0.19619112613974374,6.0
1285,0.19625346508351468,6.0
289,0.196255553258673,7.0
216,0.1963231484329477,7.0
270,0.19643179397975485,7.0
414,0.19649135906792198,5.0
170,0.19671523283908784,7.0
914,0.19688197472488636,6.0
1012,0.19688197472488636,6.0
246,0.19701013224521935,7.0
79,0.19716902142366544,7.0
1902,0.1971914190706711,5.0
266,0.19719388936951734,7.0
501,0.19721778429491135,6.0
1733,0.19734350431264902,8.0
78,0.19737298571918832,8.0
1021,0.19737298571918832,8.0
154,0.19768936112845079,7.0
833,0.19772341964791754,7.0
74,0.1980192654092283,6.0
450,0.19806734838334278,8.0
942,0.1981531964078514,5.0
1046,0.19817232237880525,6.0
455,0.19828979321319154,7.0
1185,0.19828979321319154,7.0
379,0.19833029915243225,7.0
943,0.19849374727515215,6.0
1015,0.19868491749818612,7.0
510,0.19895765539436192,6.0
995,0.19955946013431,6.0
245,0.19958883741208672,7.0
637,0.1995983856631785,7.0
80,0.1996102086603571,8.0
267,0.1996102086603571,8.0
284,0.1996102086603571,8.0
815,0.1996102086603571,8.0
374,0.1999857167027669,7.0
483,0.20000143007794943,5.0
228,0.20025873048732795,8.0
638,0.20025873048732795,8.0
903,0.20025873048732795,8.0
908,0.20026597212261912,8.0
493,0.20084661943167018,7.0
405,0.20084846470911813,7.0
1710,0.20090752562568662,6.0
159,0.2014026357966524,8.0
268,0.2014026357966524,8.0
317,0.2014026357966524,8.0
953,0.20143160709128569,6.0
1180,0.2016191086676014,5.0
1630,0.2016191086676014,5.0
128,0.2016848438518462,7.0
1719,0.2016848438518462,7.0
489,0.2019799278579727,6.0
315,0.2021386324364238,7.0
1082,0.2021386324364238,7.0
251,0.20250319506378792,8.0
945,0.20250319506378792,8.0
513,0.20256145879687493,6.0
722,0.20256145879687493,6.0
178,0.20291605025657014,8.0
1274,0.20291605025657014,8.0
419,0.20323942144202722,7.0
506,0.20347309561695961,6.0
413,0.20352686185730967,5.0
1047,0.20352686185730967,5.0
1032,0.20360382847302735,5.0
1085,0.20360382847302735,5.0
247,0.2036693401443605,8.0
485,0.2036693401443605,8.0
1635,0.2036693401443605,8.0
69,0.20371125594806405,7.0
76,0.20405296155641214,7.0
156,0.20405296155641214,7.0
1281,0.20456799667593686,7.0
831,0.2046247241130565,7.0
505,0.204697792657129,5.0
328,0.2052867694721708,6.0
390,0.20548562684195976,7.0
1199,0.20577106105257426,6.0
543,0.2058372430625471,6.0
1825,0.2058372430625471,6.0
244,0.20623589960561986,6.0
308,0.20633067328652846,7.0
731,0.20633067328652846,7.0
1041,0.20633067328652846,7.0
541,0.2065656744012994,7.0
166,0.206715657699615,7.0
1043,0.206715657699615,7.0
1814,0.207401180966633,6.0
1190,0.2078275170982644,6.0
63,0.20786471860019456,7.0
250,0.20786471860019456,7.0
378,0.20786471860019456,7.0
926,0.20786471860019456,7.0
560,0.20801315744352133,5.0
726,0.20846689382579078,6.0
1620,0.20846689382579078,6.0
1645,0.20846689382579078,6.0
1730,0.20846689382579078,6.0
542,0.20873420661085595,5.0
651,0.20873420661085595,5.0
934,0.20873420661085595,5.0
31,0.20912250061977802,7.0
261,0.20912250061977802,7.0
1028,0.20912250061977802,7.0
1625,0.20912250061977802,7.0
1735,0.20912250061977802,7.0
544,0.20915774241093343,6.0
895,0.209167397924655,6.0
946,0.209167397924655,6.0
1178,0.209167397924655,6.0
319,0.20934237843935655,6.0
1105,0.20934237843935655,6.0
488,0.20959433512581485,7.0
847,0.20959433512581485,7.0
1629,0.20959433512581485,7.0
1731,0.20959433512581485,7.0
730,0.20961723663087486,6.0
168,0.21045523785471812,7.0
403,0.21045523785471812,7.0
453,0.21045523785471812,7.0
497,0.21045523785471812,7.0
844,0.21045523785471812,7.0
855,0.21045523785471812,7.0
868,0.21045523785471812,7.0
922,0.21045523785471812,7.0
930,0.21045523785471812,7.0
1279,0.21045523785471812,7.0
1623,0.21045523785471812,7.0
650,0.21068294949003272,6.0
1037,0.21068294949003272,6.0
1076,0.21108464898705556,6.0
1103,0.21108464898705556,6.0
1727,0.21108464898705556,6.0
323,0.21120195386568413,5.0
965,0.21120195386568413,5.0
1080,0.21120195386568413,5.0
1644,0.21120195386568413,5.0
561,0.21151936880989758,5.0
1055,0.21151936880989758,5.0
1066,0.21151936880989758,5.0
1284,0.21151936880989758,5.0
1736,0.21151936880989758,5.0
327,0.21153095542636344,5.0
1091,0.21153095542636344,5.0
1183,0.21153095542636344,5.0
400,0.21163512257743186,6.0
408,0.21163512257743186,6.0
848,0.21163512257743186,6.0
568,0.2117409320440053,5.0
1020,0.2117409320440053,5.0
821,0.2121503618462134,6.0
845,0.2121503618462134,6.0
956,0.2121503618462134,6.0
962,0.2121503618462134,6.0
1056,0.2121503618462134,6.0
1109,0.2121503618462134,6.0
889,0.21263950909448567,6.0
1031,0.21263950909448567,6.0
1070,0.21263950909448567,6.0
1717,0.21263950909448567,6.0
1812,0.21263950909448567,6.0
388,0.21270083543658969,6.0
893,0.21270083543658969,6.0
332,0.21272882355045836,4.0
480,0.21272882355045836,4.0
659,0.21327970787992218,5.0
1271,0.21327970787992218,5.0
1800,0.21327970787992218,5.0
1642,0.2133496173048167,5.0
499,0.21341629398137052,6.0
741,0.21341629398137052,6.0
75,0.2137052219536435,6.0
260,0.2137052219536435,6.0
329,0.2137052219536435,6.0
734,0.2137052219536435,6.0
850,0.2137052219536435,6.0
867,0.2137052219536435,6.0
883,0.2137052219536435,6.0
1823,0.2137052219536435,6.0
274,0.2137615080300676,7.0
325,0.2137615080300676,7.0
481,0.2137615080300676,7.0
939,0.2137615080300676,7.0
949,0.2137615080300676,7.0
1176,0.2137615080300676,7.0
1033,0.21492994208472938,4.0
1805,0.21492994208472938,4.0
545,0.2151105121322335,5.0
732,0.2151105121322335,5.0
736,0.2151105121322335,5.0
1264,0.2151105121322335,5.0
1739,0.2151105121322335,5.0
1088,0.21575565247029382,4.0
1171,0.21575565247029382,4.0
1173,0.21575565247029382,4.0
341,0.21577108044068508,5.0
416,0.21577108044068508,5.0
854,0.21577108044068508,5.0
981,0.21577108044068508,5.0
1007,0.21577108044068508,5.0
1728,0.21577108044068508,5.0
409,0.21649682429906006,6.0
418,0.21649682429906006,6.0
504,0.21649682429906006,6.0
872,0.21649682429906006,6.0
929,0.21649682429906006,6.0
1024,0.21649682429906006,6.0
397,0.21662963069442207,5.0
456,0.21662963069442207,5.0
1809,0.21662963069442207,5.0
377,0.21697634426114965,5.0
395,0.21697634426114965,5.0
445,0.21697634426114965,5.0
559,0.21697634426114965,5.0
863,0.21697634426114965,5.0
1801,0.21697634426114965,5.0
306,0.21726223224587454,4.0
558,0.21726223224587454,4.0
630,0.21726223224587454,4.0
966,0.21726223224587454,4.0
1172,0.21726223224587454,4.0
1711,0.21726223224587454,4.0
302,0.2175625371582179,6.0
725,0.2175625371582179,6.0
856,0.2175625371582179,6.0
1025,0.2175625371582179,6.0
1038,0.2175625371582179,6.0
1079,0.2175625371582179,6.0
1647,0.2175625371582179,6.0
1648,0.2175625371582179,6.0
72,0.21790848612541147,5.0
1097,0.21790848612541147,5.0
509,0.22107732975421884,4.0
1040,0.22107732975421884,4.0
300,0.22160512250663894,5.0
567,0.22160512250663894,5.0
639,0.22160512250663894,5.0
849,0.22160512250663894,5.0
931,0.22160512250663894,5.0
1039,0.22160512250663894,5.0
1627,0.22160512250663894,5.0
1643,0.22160512250663894,5.0
1815,0.22160512250663894,5.0
532,0.22282550889820843,3.0
1099,0.22282550889820843,3.0
492,0.22304820505273615,4.0
723,0.22304820505273615,4.0
884,0.22304820505273615,4.0
897,0.22304820505273615,4.0
1064,0.22304820505273615,4.0
1189,0.22304820505273615,4.0
1197,0.22304820505273615,4.0
1679,0.22304820505273615,4.0
310,0.2232892413044593,5.0
438,0.2232892413044593,5.0
631,0.2232892413044593,5.0
739,0.2232892413044593,5.0
944,0.2232892413044593,5.0
1286,0.2232892413044593,5.0
44,0.22336041667310266,6.0
51,0.22336041667310266,6.0
254,0.22336041667310266,6.0
313,0.22336041667310266,6.0
392,0.22336041667310266,6.0
503,0.22336041667310266,6.0
841,0.22336041667310266,6.0
853,0.22336041667310266,6.0
859,0.22336041667310266,6.0
861,0.22336041667310266,6.0
869,0.22336041667310266,6.0
1094,0.22336041667310266,6.0
1104,0.22336041667310266,6.0
1657,0.22336041667310266,6.0
1807,0.22336041667310266,6.0
314,0.22486594154327313,5.0
566,0.22486594154327313,5.0
569,0.22486594154327313,5.0
649,0.22486594154327313,5.0
727,0.22486594154327313,5.0
935,0.22486594154327313,5.0
1289,0.22486594154327313,5.0
1669,0.22486594154327313,5.0
1734,0.22486594154327313,5.0
320,0.2251533535500116,4.0
391,0.2251533535500116,4.0
562,0.2251533535500116,4.0
636,0.2251533535500116,4.0
1018,0.2251533535500116,4.0
82,0.22856257792450063,5.0
487,0.22856257792450063,5.0
653,0.22856257792450063,5.0
875,0.22856257792450063,5.0
890,0.22856257792450063,5.0
892,0.22856257792450063,5.0
952,0.22856257792450063,5.0
1011,0.22856257792450063,5.0
1050,0.22856257792450063,5.0
1098,0.22856257792450063,5.0
1738,0.22856257792450063,5.0
1824,0.22856257792450063,5.0
519,0.22977414902654594,4.0
724,0.22977414902654594,4.0
954,0.22977414902654594,4.0
1026,0.22977414902654594,4.0
1186,0.22977414902654594,4.0
1273,0.22977414902654594,4.0
1634,0.22977414902654594,4.0
1640,0.22977414902654594,4.0
1649,0.22977414902654594,4.0
131,0.22984143335549004,5.0
175,0.22984143335549004,5.0
311,0.22984143335549004,5.0
312,0.22984143335549004,5.0
410,0.22984143335549004,5.0
415,0.22984143335549004,5.0
484,0.22984143335549004,5.0
498,0.22984143335549004,5.0
507,0.22984143335549004,5.0
524,0.22984143335549004,5.0
534,0.22984143335549004,5.0
633,0.22984143335549004,5.0
654,0.22984143335549004,5.0
746,0.22984143335549004,5.0
749,0.22984143335549004,5.0
836,0.22984143335549004,5.0
865,0.22984143335549004,5.0
894,0.22984143335549004,5.0
899,0.22984143335549004,5.0
947,0.22984143335549004,5.0
989,0.22984143335549004,5.0
1035,0.22984143335549004,5.0
1054,0.22984143335549004,5.0
1058,0.22984143335549004,5.0
1065,0.22984143335549004,5.0
1077,0.22984143335549004,5.0
1270,0.22984143335549004,5.0
1622,0.22984143335549004,5.0
1631,0.22984143335549004,5.0
1641,0.22984143335549004,5.0
1732,0.22984143335549004,5.0
316,0.23137271831528267,4.0
357,0.23137271831528267,4.0
646,0.23137271831528267,4.0
857,0.23137271831528267,4.0
898,0.23137271831528267,4.0
976,0.23137271831528267,4.0
978,0.23137271831528267,4.0
979,0.23137271831528267,4.0
1030,0.23137271831528267,4.0
1062,0.23137271831528267,4.0
1093,0.23137271831528267,4.0
1101,0.23137271831528267,4.0
1209,0.23137271831528267,4.0
1282,0.23137271831528267,4.0
324,0.23174502432506328,4.0
652,0.23174502432506328,4.0
721,0.23174502432506328,4.0
959,0.23174502432506328,4.0
963,0.23174502432506328,4.0
1272,0.23174502432506328,4.0
1626,0.23174502432506328,4.0
1756,0.23174502432506328,4.0
307,0.23334359361379997,4.0
398,0.23334359361379997,4.0
500,0.23334359361379997,4.0
553,0.23334359361379997,4.0
644,0.23334359361379997,4.0
737,0.23334359361379997,4.0
744,0.23334359361379997,4.0
745,0.23334359361379997,4.0
832,0.23334359361379997,4.0
880,0.23334359361379997,4.0
881,0.23334359361379997,4.0
887,0.23334359361379997,4.0
938,0.23334359361379997,4.0
960,0.23334359361379997,4.0
969,0.23334359361379997,4.0
975,0.23334359361379997,4.0
982,0.23334359361379997,4.0
988,0.23334359361379997,4.0
1092,0.23334359361379997,4.0
1822,0.23334359361379997,4.0
303,0.2344212679279779,3.0
318,0.2344212679279779,3.0
435,0.2344212679279779,3.0
494,0.2344212679279779,3.0
515,0.2344212679279779,3.0
533,0.2344212679279779,3.0
554,0.2344212679279779,3.0
886,0.2344212679279779,3.0
1090,0.2344212679279779,3.0
1100,0.2344212679279779,3.0
1106,0.2344212679279779,3.0
1195,0.2344212679279779,3.0
1276,0.2344212679279779,3.0
1638,0.2344212679279779,3.0
1811,0.2344212679279779,3.0
359,0.23655269364629353,3.0
417,0.23655269364629353,3.0
436,0.23655269364629353,3.0
538,0.23655269364629353,3.0
549,0.23655269364629353,3.0
565,0.23655269364629353,3.0
579,0.23655269364629353,3.0
743,0.23655269364629353,3.0
879,0.23655269364629353,3.0
885,0.23655269364629353,3.0
888,0.23655269364629353,3.0
896,0.23655269364629353,3.0
933,0.23655269364629353,3.0
1045,0.23655269364629353,3.0
1060,0.23655269364629353,3.0
1187,0.23655269364629353,3.0
1224,0.23655269364629353,3.0
1636,0.23655269364629353,3.0
1652,0.23655269364629353,3.0
1746,0.23655269364629353,3.0
1851,0.23655269364629353,3.0
433,0.23796438909033435,4.0
439,0.23796438909033435,4.0
441,0.23796438909033435,4.0
444,0.23796438909033435,4.0
508,0.23796438909033435,4.0
546,0.23796438909033435,4.0
550,0.23796438909033435,4.0
551,0.23796438909033435,4.0
632,0.23796438909033435,4.0
647,0.23796438909033435,4.0
655,0.23796438909033435,4.0
738,0.23796438909033435,4.0
747,0.23796438909033435,4.0
864,0.23796438909033435,4.0
871,0.23796438909033435,4.0
882,0.23796438909033435,4.0
936,0.23796438909033435,4.0
951,0.23796438909033435,4.0
967,0.23796438909033435,4.0
977,0.23796438909033435,4.0
987,0.23796438909033435,4.0
1023,0.23796438909033435,4.0
1027,0.23796438909033435,4.0
1053,0.23796438909033435,4.0
1059,0.23796438909033435,4.0
1071,0.23796438909033435,4.0
1096,0.23796438909033435,4.0
1102,0.23796438909033435,4.0
1175,0.23796438909033435,4.0
1191,0.23796438909033435,4.0
1196,0.23796438909033435,4.0
1198,0.23796438909033435,4.0
1260,0.23796438909033435,4.0
1266,0.23796438909033435,4.0
1269,0.23796438909033435,4.0
1280,0.23796438909033435,4.0
1658,0.23796438909033435,4.0
1662,0.23796438909033435,4.0
1720,0.23796438909033435,4.0
1722,0.23796438909033435,4.0
1744,0.23796438909033435,4.0
1759,0.23796438909033435,4.0
1761,0.23796438909033435,4.0
1808,0.23796438909033435,4.0
1817,0.23796438909033435,4.0
1821,0.23796438909033435,4.0
305,0.24271375428167266,3.0
326,0.24271375428167266,3.0
348,0.24271375428167266,3.0
401,0.24271375428167266,3.0
427,0.24271375428167266,3.0
449,0.24271375428167266,3.0
486,0.24271375428167266,3.0
491,0.24271375428167266,3.0
514,0.24271375428167266,3.0
527,0.24271375428167266,3.0
531,0.24271375428167266,3.0
642,0.24271375428167266,3.0
648,0.24271375428167266,3.0
660,0.24271375428167266,3.0
729,0.24271375428167266,3.0
761,0.24271375428167266,3.0
774,0.24271375428167266,3.0
878,0.24271375428167266,3.0
958,0.24271375428167266,3.0
961,0.24271375428167266,3.0
968,0.24271375428167266,3.0
971,0.24271375428167266,3.0
972,0.24271375428167266,3.0
973,0.24271375428167266,3.0
974,0.24271375428167266,3.0
983,0.24271375428167266,3.0
984,0.24271375428167266,3.0
985,0.24271375428167266,3.0
1034,0.24271375428167266,3.0
1095,0.24271375428167266,3.0
1121,0.24271375428167266,3.0
1288,0.24271375428167266,3.0
1366,0.24271375428167266,3.0
1379,0.24271375428167266,3.0
1445,0.24271375428167266,3.0
1464,0.24271375428167266,3.0
1550,0.24271375428167266,3.0
1556,0.24271375428167266,3.0
1637,0.24271375428167266,3.0
1656,0.24271375428167266,3.0
1671,0.24271375428167266,3.0
1681,0.24271375428167266,3.0
1724,0.24271375428167266,3.0
1770,0.24271375428167266,3.0
1776,0.24271375428167266,3.0
1818,0.24271375428167266,3.0
1835,0.24271375428167266,3.0
322,0.2453415880130291,3.0
336,0.2453415880130291,3.0
342,0.2453415880130291,3.0
354,0.2453415880130291,3.0
399,0.2453415880130291,3.0
420,0.2453415880130291,3.0
424,0.2453415880130291,3.0
425,0.2453415880130291,3.0
428,0.2453415880130291,3.0
431,0.2453415880130291,3.0
432,0.2453415880130291,3.0
442,0.2453415880130291,3.0
448,0.2453415880130291,3.0
511,0.2453415880130291,3.0
512,0.2453415880130291,3.0
523,0.2453415880130291,3.0
525,0.2453415880130291,3.0
552,0.2453415880130291,3.0
556,0.2453415880130291,3.0
582,0.2453415880130291,3.0
588,0.2453415880130291,3.0
634,0.2453415880130291,3.0
641,0.2453415880130291,3.0
658,0.2453415880130291,3.0
669,0.2453415880130291,3.0
681,0.2453415880130291,3.0
695,0.2453415880130291,3.0
748,0.2453415880130291,3.0
851,0.2453415880130291,3.0
1057,0.2453415880130291,3.0
1074,0.2453415880130291,3.0
1087,0.2453415880130291,3.0
1108,0.2453415880130291,3.0
1116,0.2453415880130291,3.0
1124,0.2453415880130291,3.0
1130,0.2453415880130291,3.0
1132,0.2453415880130291,3.0
1174,0.2453415880130291,3.0
1192,0.2453415880130291,3.0
1265,0.2453415880130291,3.0
1268,0.2453415880130291,3.0
1277,0.2453415880130291,3.0
1283,0.2453415880130291,3.0
1287,0.2453415880130291,3.0
1315,0.2453415880130291,3.0
1317,0.2453415880130291,3.0
1624,0.2453415880130291,3.0
1628,0.2453415880130291,3.0
1632,0.2453415880130291,3.0
1633,0.2453415880130291,3.0
1650,0.2453415880130291,3.0
1655,0.2453415880130291,3.0
1667,0.2453415880130291,3.0
1672,0.2453415880130291,3.0
1694,0.2453415880130291,3.0
1705,0.2453415880130291,3.0
1712,0.2453415880130291,3.0
1718,0.2453415880130291,3.0
1737,0.2453415880130291,3.0
1772,0.2453415880130291,3.0
1806,0.2453415880130291,3.0
1816,0.2453415880130291,3.0
1827,0.2453415880130291,3.0
1832,0.2453415880130291,3.0
1847,0.2453415880130291,3.0
1868,0.2453415880130291,3.0
1914,0.2453415880130291,3.0
1994,0.2453415880130291,3.0
331,0.25163667059756095,1.0
335,0.25163667059756095,1.0
343,0.25163667059756095,1.0
346,0.25163667059756095,1.0
351,0.25163667059756095,1.0
355,0.25163667059756095,1.0
356,0.25163667059756095,1.0
406,0.25163667059756095,1.0
421,0.25163667059756095,1.0
422,0.25163667059756095,1.0
440,0.25163667059756095,1.0
516,0.25163667059756095,1.0
517,0.25163667059756095,1.0
520,0.25163667059756095,1.0
572,0.25163667059756095,1.0
573,0.25163667059756095,1.0
576,0.25163667059756095,1.0
583,0.25163667059756095,1.0
586,0.25163667059756095,1.0
591,0.25163667059756095,1.0
592,0.25163667059756095,1.0
593,0.25163667059756095,1.0
594,0.25163667059756095,1.0
595,0.25163667059756095,1.0
600,0.25163667059756095,1.0
602,0.25163667059756095,1.0
603,0.25163667059756095,1.0
604,0.25163667059756095,1.0
605,0.25163667059756095,1.0
607,0.25163667059756095,1.0
609,0.25163667059756095,1.0
610,0.25163667059756095,1.0
612,0.25163667059756095,1.0
613,0.25163667059756095,1.0
614,0.25163667059756095,1.0
620,0.25163667059756095,1.0
623,0.25163667059756095,1.0
624,0.25163667059756095,1.0
626,0.25163667059756095,1.0
627,0.25163667059756095,1.0
628,0.25163667059756095,1.0
645,0.25163667059756095,1.0
661,0.25163667059756095,1.0
663,0.25163667059756095,1.0
664,0.25163667059756095,1.0
668,0.25163667059756095,1.0
670,0.25163667059756095,1.0
671,0.25163667059756095,1.0
678,0.25163667059756095,1.0
679,0.25163667059756095,1.0
680,0.25163667059756095,1.0
682,0.25163667059756095,1.0
684,0.25163667059756095,1.0
688,0.25163667059756095,1.0
689,0.25163667059756095,1.0
691,0.25163667059756095,1.0
692,0.25163667059756095,1.0
693,0.25163667059756095,1.0
694,0.25163667059756095,1.0
696,0.25163667059756095,1.0
697,0.25163667059756095,1.0
699,0.25163667059756095,1.0
700,0.25163667059756095,1.0
701,0.25163667059756095,1.0
703,0.25163667059756095,1.0
705,0.25163667059756095,1.0
706,0.25163667059756095,1.0
707,0.25163667059756095,1.0
708,0.25163667059756095,1.0
711,0.25163667059756095,1.0
715,0.25163667059756095,1.0
716,0.25163667059756095,1.0
717,0.25163667059756095,1.0
719,0.25163667059756095,1.0
753,0.25163667059756095,1.0
755,0.25163667059756095,1.0
757,0.25163667059756095,1.0
758,0.25163667059756095,1.0
760,0.25163667059756095,1.0
762,0.25163667059756095,1.0
765,0.25163667059756095,1.0
767,0.25163667059756095,1.0
777,0.25163667059756095,1.0
779,0.25163667059756095,1.0
780,0.25163667059756095,1.0
781,0.25163667059756095,1.0
782,0.25163667059756095,1.0
787,0.25163667059756095,1.0
792,0.25163667059756095,1.0
794,0.25163667059756095,1.0
796,0.25163667059756095,1.0
797,0.25163667059756095,1.0
798,0.25163667059756095,1.0
801,0.25163667059756095,1.0
803,0.25163667059756095,1.0
804,0.25163667059756095,1.0
806,0.25163667059756095,1.0
808,0.25163667059756095,1.0
874,0.25163667059756095,1.0
980,0.25163667059756095,1.0
986,0.25163667059756095,1.0
1048,0.25163667059756095,1.0
1107,0.25163667059756095,1.0
1110,0.25163667059756095,1.0
1117,0.25163667059756095,1.0
1118,0.25163667059756095,1.0
1141,0.25163667059756095,1.0
1143,0.25163667059756095,1.0
1145,0.25163667059756095,1.0
1146,0.25163667059756095,1.0
1148,0.25163667059756095,1.0
1152,0.25163667059756095,1.0
1154,0.25163667059756095,1.0
1155,0.25163667059756095,1.0
1156,0.25163667059756095,1.0
1157,0.25163667059756095,1.0
1158,0.25163667059756095,1.0
1161,0.25163667059756095,1.0
1162,0.25163667059756095,1.0
1164,0.25163667059756095,1.0
1166,0.25163667059756095,1.0
1167,0.25163667059756095,1.0
1168,0.25163667059756095,1.0
1169,0.25163667059756095,1.0
1177,0.25163667059756095,1.0
1200,0.25163667059756095,1.0
1203,0.25163667059756095,1.0
1204,0.25163667059756095,1.0
1206,0.25163667059756095,1.0
1208,0.25163667059756095,1.0
1211,0.25163667059756095,1.0
1214,0.25163667059756095,1.0
1216,0.25163667059756095,1.0
1217,0.25163667059756095,1.0
1220,0.25163667059756095,1.0
1221,0.25163667059756095,1.0
1222,0.25163667059756095,1.0
1223,0.25163667059756095,1.0
1228,0.25163667059756095,1.0
1229,0.25163667059756095,1.0
1231,0.25163667059756095,1.0
1234,0.25163667059756095,1.0
1242,0.25163667059756095,1.0
1243,0.25163667059756095,1.0
1244,0.25163667059756095,1.0
1245,0.25163667059756095,1.0
1247,0.25163667059756095,1.0
1249,0.25163667059756095,1.0
1252,0.25163667059756095,1.0
1254,0.25163667059756095,1.0
1255,0.25163667059756095,1.0
1256,0.25163667059756095,1.0
1257,0.25163667059756095,1.0
1258,0.25163667059756095,1.0
1259,0.25163667059756095,1.0
1261,0.25163667059756095,1.0
1267,0.25163667059756095,1.0
1292,0.25163667059756095,1.0
1295,0.25163667059756095,1.0
1296,0.25163667059756095,1.0
1297,0.25163667059756095,1.0
1298,0.25163667059756095,1.0
1303,0.25163667059756095,1.0
1304,0.25163667059756095,1.0
1310,0.25163667059756095,1.0
1311,0.25163667059756095,1.0
1312,0.25163667059756095,1.0
1314,0.25163667059756095,1.0
1319,0.25163667059756095,1.0
1320,0.25163667059756095,1.0
1321,0.25163667059756095,1.0
1322,0.25163667059756095,1.0
1325,0.25163667059756095,1.0
1326,0.25163667059756095,1.0
1332,0.25163667059756095,1.0
1335,0.25163667059756095,1.0
1343,0.25163667059756095,1.0
1346,0.25163667059756095,1.0
1347,0.25163667059756095,1.0
1350,0.25163667059756095,1.0
1351,0.25163667059756095,1.0
1357,0.25163667059756095,1.0
1359,0.25163667059756095,1.0
1362,0.25163667059756095,1.0
1367,0.25163667059756095,1.0
1369,0.25163667059756095,1.0
1370,0.25163667059756095,1.0
1371,0.25163667059756095,1.0
1375,0.25163667059756095,1.0
1377,0.25163667059756095,1.0
1385,0.25163667059756095,1.0
1386,0.25163667059756095,1.0
1398,0.25163667059756095,1.0
1401,0.25163667059756095,1.0
1402,0.25163667059756095,1.0
1403,0.25163667059756095,1.0
1409,0.25163667059756095,1.0
1412,0.25163667059756095,1.0
1413,0.25163667059756095,1.0
1417,0.25163667059756095,1.0
1420,0.25163667059756095,1.0
1421,0.25163667059756095,1.0
1424,0.25163667059756095,1.0
1426,0.25163667059756095,1.0
1428,0.25163667059756095,1.0
1431,0.25163667059756095,1.0
1433,0.25163667059756095,1.0
1436,0.25163667059756095,1.0
1441,0.25163667059756095,1.0
1442,0.25163667059756095,1.0
1444,0.25163667059756095,1.0
1446,0.25163667059756095,1.0
1448,0.25163667059756095,1.0
1452,0.25163667059756095,1.0
1454,0.25163667059756095,1.0
1456,0.25163667059756095,1.0
1458,0.25163667059756095,1.0
1460,0.25163667059756095,1.0
1463,0.25163667059756095,1.0
1467,0.25163667059756095,1.0
1468,0.25163667059756095,1.0
1469,0.25163667059756095,1.0
1470,0.25163667059756095,1.0
1474,0.25163667059756095,1.0
1475,0.25163667059756095,1.0
1478,0.25163667059756095,1.0
1480,0.25163667059756095,1.0
1483,0.25163667059756095,1.0
1485,0.25163667059756095,1.0
1494,0.25163667059756095,1.0
1495,0.25163667059756095,1.0
1496,0.25163667059756095,1.0
1498,0.25163667059756095,1.0
1499,0.25163667059756095,1.0
1500,0.25163667059756095,1.0
1504,0.25163667059756095,1.0
1508,0.25163667059756095,1.0
1509,0.25163667059756095,1.0
1512,0.25163667059756095,1.0
1513,0.25163667059756095,1.0
1515,0.25163667059756095,1.0
1518,0.25163667059756095,1.0
1520,0.25163667059756095,1.0
1521,0.25163667059756095,1.0
1522,0.25163667059756095,1.0
1523,0.25163667059756095,1.0
1524,0.25163667059756095,1.0
1526,0.25163667059756095,1.0
1527,0.25163667059756095,1.0
1529,0.25163667059756095,1.0
1530,0.25163667059756095,1.0
1533,0.25163667059756095,1.0
1537,0.25163667059756095,1.0
1538,0.25163667059756095,1.0
1539,0.25163667059756095,1.0
1541,0.25163667059756095,1.0
1542,0.25163667059756095,1.0
1543,0.25163667059756095,1.0
1544,0.25163667059756095,1.0
1549,0.25163667059756095,1.0
1555,0.25163667059756095,1.0
1560,0.25163667059756095,1.0
1565,0.25163667059756095,1.0
1568,0.25163667059756095,1.0
1571,0.25163667059756095,1.0
1573,0.25163667059756095,1.0
1574,0.25163667059756095,1.0
1577,0.25163667059756095,1.0
1579,0.25163667059756095,1.0
1580,0.25163667059756095,1.0
1583,0.25163667059756095,1.0
1589,0.25163667059756095,1.0
1592,0.25163667059756095,1.0
1593,0.25163667059756095,1.0
1594,0.25163667059756095,1.0
1596,0.25163667059756095,1.0
1597,0.25163667059756095,1.0
1598,0.25163667059756095,1.0
1602,0.25163667059756095,1.0
1604,0.25163667059756095,1.0
1607,0.25163667059756095,1.0
1608,0.25163667059756095,1.0
1619,0.25163667059756095,1.0
1660,0.25163667059756095,1.0
1663,0.25163667059756095,1.0
1674,0.25163667059756095,1.0
1680,0.25163667059756095,1.0
1686,0.25163667059756095,1.0
1687,0.25163667059756095,1.0
1696,0.25163667059756095,1.0
1701,0.25163667059756095,1.0
1702,0.25163667059756095,1.0
1704,0.25163667059756095,1.0
1740,0.25163667059756095,1.0
1748,0.25163667059756095,1.0
1758,0.25163667059756095,1.0
1760,0.25163667059756095,1.0
1763,0.25163667059756095,1.0
1764,0.25163667059756095,1.0
1766,0.25163667059756095,1.0
1767,0.25163667059756095,1.0
1769,0.25163667059756095,1.0
1773,0.25163667059756095,1.0
1777,0.25163667059756095,1.0
1784,0.25163667059756095,1.0
1797,0.25163667059756095,1.0
1798,0.25163667059756095,1.0
1802,0.25163667059756095,1.0
1833,0.25163667059756095,1.0
1836,0.25163667059756095,1.0
1838,0.25163667059756095,1.0
1849,0.25163667059756095,1.0
1855,0.25163667059756095,1.0
1877,0.25163667059756095,1.0
1880,0.25163667059756095,1.0
1886,0.25163667059756095,1.0
1890,0.25163667059756095,1.0
1891,0.25163667059756095,1.0
1897,0.25163667059756095,1.0
1899,0.25163667059756095,1.0
1903,0.25163667059756095,1.0
1905,0.25163667059756095,1.0
1908,0.25163667059756095,1.0
1915,0.25163667059756095,1.0
1919,0.25163667059756095,1.0
1923,0.25163667059756095,1.0
1924,0.25163667059756095,1.0
1925,0.25163667059756095,1.0
1927,0.25163667059756095,1.0
1928,0.25163667059756095,1.0
1930,0.25163667059756095,1.0
1933,0.25163667059756095,1.0
1934,0.25163667059756095,1.0
1937,0.25163667059756095,1.0
1940,0.25163667059756095,1.0
1945,0.25163667059756095,1.0
1949,0.25163667059756095,1.0
1954,0.25163667059756095,1.0
1955,0.25163667059756095,1.0
1957,0.25163667059756095,1.0
1959,0.25163667059756095,1.0
1964,0.25163667059756095,1.0
1965,0.25163667059756095,1.0
1981,0.25163667059756095,1.0
1982,0.25163667059756095,1.0
1985,0.25163667059756095,1.0
1990,0.25163667059756095,1.0
1992,0.25163667059756095,1.0
1995,0.25163667059756095,1.0
1996,0.25163667059756095,1.0
1997,0.25163667059756095,1.0
1998,0.25163667059756095,1.0
2004,0.25163667059756095,1.0
2007,0.25163667059756095,1.0
2008,0.25163667059756095,1.0
2011,0.25163667059756095,1.0
2013,0.25163667059756095,1.0
2015,0.25163667059756095,1.0
2016,0.25163667059756095,1.0
2023,0.25163667059756095,1.0
2025,0.25163667059756095,1.0
2027,0.25163667059756095,1.0
2028,0.25163667059756095,1.0
2029,0.25163667059756095,1.0
2037,0.25163667059756095,1.0
2038,0.25163667059756095,1.0
2039,0.25163667059756095,1.0
2040,0.25163667059756095,1.0
2042,0.25163667059756095,1.0
2047,0.25163667059756095,1.0
2048,0.25163667059756095,1.0
2052,0.25163667059756095,1.0
2053,0.25163667059756095,1.0
2063,0.25163667059756095,1.0
2064,0.25163667059756095,1.0
2068,0.25163667059756095,1.0
2075,0.25163667059756095,1.0
2078,0.25163667059756095,1.0
2079,0.25163667059756095,1.0
2080,0.25163667059756095,1.0
2081,0.25163667059756095,1.0
2084,0.25163667059756095,1.0
2086,0.25163667059756095,1.0
2087,0.25163667059756095,1.0
2089,0.25163667059756095,1.0
2098,0.25163667059756095,1.0
2099,0.25163667059756095,1.0
2100,0.25163667059756095,1.0
2103,0.25163667059756095,1.0
2104,0.25163667059756095,1.0
2106,0.25163667059756095,1.0
2110,0.25163667059756095,1.0
2111,0.25163667059756095,1.0
2117,0.25163667059756095,1.0
2118,0.25163667059756095,1.0
2122,0.25163667059756095,1.0
2125,0.25163667059756095,1.0
2126,0.25163667059756095,1.0
2127,0.25163667059756095,1.0
2137,0.25163667059756095,1.0
2138,0.25163667059756095,1.0
2141,0.25163667059756095,1.0
2148,0.25163667059756095,1.0
2151,0.25163667059756095,1.0
2157,0.25163667059756095,1.0
2158,0.25163667059756095,1.0
2160,0.25163667059756095,1.0
2168,0.25163667059756095,1.0
2169,0.25163667059756095,1.0
2172,0.25163667059756095,1.0
2174,0.25163667059756095,1.0
2182,0.25163667059756095,1.0
2183,0.25163667059756095,1.0
2184,0.25163667059756095,1.0
2189,0.25163667059756095,1.0
2192,0.25163667059756095,1.0
2193,0.25163667059756095,1.0
2195,0.25163667059756095,1.0
2196,0.25163667059756095,1.0
2197,0.25163667059756095,1.0
2202,0.25163667059756095,1.0
2204,0.25163667059756095,1.0
2207,0.25163667059756095,1.0
2212,0.25163667059756095,1.0
2213,0.25163667059756095,1.0
2214,0.25163667059756095,1.0
2220,0.25163667059756095,1.0
2228,0.25163667059756095,1.0
2243,0.25163667059756095,1.0
2245,0.25163667059756095,1.0
2247,0.25163667059756095,1.0
2250,0.25163667059756095,1.0
2252,0.25163667059756095,1.0
2253,0.25163667059756095,1.0
2256,0.25163667059756095,1.0
2260,0.25163667059756095,1.0
2263,0.25163667059756095,1.0
2266,0.25163667059756095,1.0
2272,0.25163667059756095,1.0
2273,0.25163667059756095,1.0
2275,0.25163667059756095,1.0
2278,0.25163667059756095,1.0
2279,0.25163667059756095,1.0
2282,0.25163667059756095,1.0
2287,0.25163667059756095,1.0
2289,0.25163667059756095,1.0
2290,0.25163667059756095,1.0
2292,0.25163667059756095,1.0
2294,0.25163667059756095,1.0
2296,0.25163667059756095,1.0
2298,0.25163667059756095,1.0
2303,0.25163667059756095,1.0
2304,0.25163667059756095,1.0
2305,0.25163667059756095,1.0
2310,0.25163667059756095,1.0
2312,0.25163667059756095,1.0
2314,0.25163667059756095,1.0
2320,0.25163667059756095,1.0
2321,0.25163667059756095,1.0
2323,0.25163667059756095,1.0
2324,0.25163667059756095,1.0
2325,0.25163667059756095,1.0
2327,0.25163667059756095,1.0
2334,0.25163667059756095,1.0
2335,0.25163667059756095,1.0
2342,0.25163667059756095,1.0
2344,0.25163667059756095,1.0
2345,0.25163667059756095,1.0
2350,0.25163667059756095,1.0
2354,0.25163667059756095,1.0
2355,0.25163667059756095,1.0
2356,0.25163667059756095,1.0
2358,0.25163667059756095,1.0
2359,0.25163667059756095,1.0
2363,0.25163667059756095,1.0
2366,0.25163667059756095,1.0
2374,0.25163667059756095,1.0
2375,0.25163667059756095,1.0
2376,0.25163667059756095,1.0
2377,0.25163667059756095,1.0
2385,0.25163667059756095,1.0
2388,0.25163667059756095,1.0
2400,0.25163667059756095,1.0
2403,0.25163667059756095,1.0
2410,0.25163667059756095,1.0
2411,0.25163667059756095,1.0
2417,0.25163667059756095,1.0
2420,0.25163667059756095,1.0
2423,0.25163667059756095,1.0
71,0.256154235261384,2.0
333,0.256154235261384,2.0
337,0.256154235261384,2.0
338,0.256154235261384,2.0
339,0.256154235261384,2.0
340,0.256154235261384,2.0
345,0.256154235261384,2.0
402,0.256154235261384,2.0
426,0.256154235261384,2.0
446,0.256154235261384,2.0
447,0.256154235261384,2.0
526,0.256154235261384,2.0
528,0.256154235261384,2.0
529,0.256154235261384,2.0
530,0.256154235261384,2.0
535,0.256154235261384,2.0
536,0.256154235261384,2.0
539,0.256154235261384,2.0
555,0.256154235261384,2.0
570,0.256154235261384,2.0
578,0.256154235261384,2.0
667,0.256154235261384,2.0
733,0.256154235261384,2.0
740,0.256154235261384,2.0
742,0.256154235261384,2.0
771,0.256154235261384,2.0
772,0.256154235261384,2.0
773,0.256154235261384,2.0
862,0.256154235261384,2.0
1029,0.256154235261384,2.0
1049,0.256154235261384,2.0
1069,0.256154235261384,2.0
1084,0.256154235261384,2.0
1089,0.256154235261384,2.0
1114,0.256154235261384,2.0
1127,0.256154235261384,2.0
1170,0.256154235261384,2.0
1184,0.256154235261384,2.0
1188,0.256154235261384,2.0
1194,0.256154235261384,2.0
1201,0.256154235261384,2.0
1212,0.256154235261384,2.0
1215,0.256154235261384,2.0
1262,0.256154235261384,2.0
1293,0.256154235261384,2.0
1300,0.256154235261384,2.0
1302,0.256154235261384,2.0
1309,0.256154235261384,2.0
1313,0.256154235261384,2.0
1353,0.256154235261384,2.0
1355,0.256154235261384,2.0
1361,0.256154235261384,2.0
1378,0.256154235261384,2.0
1449,0.256154235261384,2.0
1451,0.256154235261384,2.0
1457,0.256154235261384,2.0
1557,0.256154235261384,2.0
1651,0.256154235261384,2.0
1654,0.256154235261384,2.0
1668,0.256154235261384,2.0
1675,0.256154235261384,2.0
1676,0.256154235261384,2.0
1677,0.256154235261384,2.0
1683,0.256154235261384,2.0
1695,0.256154235261384,2.0
1713,0.256154235261384,2.0
1721,0.256154235261384,2.0
1725,0.256154235261384,2.0
1726,0.256154235261384,2.0
1729,0.256154235261384,2.0
1745,0.256154235261384,2.0
1747,0.256154235261384,2.0
1750,0.256154235261384,2.0
1752,0.256154235261384,2.0
1755,0.256154235261384,2.0
1778,0.256154235261384,2.0
1779,0.256154235261384,2.0
1780,0.256154235261384,2.0
1781,0.256154235261384,2.0
1786,0.256154235261384,2.0
1790,0.256154235261384,2.0
1804,0.256154235261384,2.0
1813,0.256154235261384,2.0
1828,0.256154235261384,2.0
1830,0.256154235261384,2.0
1837,0.256154235261384,2.0
1839,0.256154235261384,2.0
1843,0.256154235261384,2.0
1844,0.256154235261384,2.0
1856,0.256154235261384,2.0
1858,0.256154235261384,2.0
1884,0.256154235261384,2.0
1894,0.256154235261384,2.0
1898,0.256154235261384,2.0
1900,0.256154235261384,2.0
1910,0.256154235261384,2.0
1918,0.256154235261384,2.0
1983,0.256154235261384,2.0
1991,0.256154235261384,2.0
2001,0.256154235261384,2.0
2093,0.256154235261384,2.0
321,0.260671799925207,1.0
330,0.260671799925207,1.0
334,0.260671799925207,1.0
344,0.260671799925207,1.0
347,0.260671799925207,1.0
349,0.260671799925207,1.0
350,0.260671799925207,1.0
352,0.260671799925207,1.0
353,0.260671799925207,1.0
358,0.260671799925207,1.0
430,0.260671799925207,1.0
434,0.260671799925207,1.0
437,0.260671799925207,1.0
443,0.260671799925207,1.0
502,0.260671799925207,1.0
518,0.260671799925207,1.0
521,0.260671799925207,1.0
522,0.260671799925207,1.0
537,0.260671799925207,1.0
540,0.260671799925207,1.0
571,0.260671799925207,1.0
574,0.260671799925207,1.0
575,0.260671799925207,1.0
577,0.260671799925207,1.0
580,0.260671799925207,1.0
581,0.260671799925207,1.0
584,0.260671799925207,1.0
585,0.260671799925207,1.0
587,0.260671799925207,1.0
589,0.260671799925207,1.0
590,0.260671799925207,1.0
596,0.260671799925207,1.0
597,0.260671799925207,1.0
598,0.260671799925207,1.0
599,0.260671799925207,1.0
601,0.260671799925207,1.0
606,0.260671799925207,1.0
608,0.260671799925207,1.0
611,0.260671799925207,1.0
615,0.260671799925207,1.0
616,0.260671799925207,1.0
617,0.260671799925207,1.0
618,0.260671799925207,1.0
619,0.260671799925207,1.0
621,0.260671799925207,1.0
622,0.260671799925207,1.0
625,0.260671799925207,1.0
629,0.260671799925207,1.0
635,0.260671799925207,1.0
656,0.260671799925207,1.0
662,0.260671799925207,1.0
665,0.260671799925207,1.0
666,0.260671799925207,1.0
672,0.260671799925207,1.0
673,0.260671799925207,1.0
674,0.260671799925207,1.0
675,0.260671799925207,1.0
676,0.260671799925207,1.0
677,0.260671799925207,1.0
683,0.260671799925207,1.0
685,0.260671799925207,1.0
686,0.260671799925207,1.0
687,0.260671799925207,1.0
690,0.260671799925207,1.0
698,0.260671799925207,1.0
702,0.260671799925207,1.0
704,0.260671799925207,1.0
709,0.260671799925207,1.0
710,0.260671799925207,1.0
712,0.260671799925207,1.0
713,0.260671799925207,1.0
714,0.260671799925207,1.0
718,0.260671799925207,1.0
720,0.260671799925207,1.0
728,0.260671799925207,1.0
750,0.260671799925207,1.0
751,0.260671799925207,1.0
752,0.260671799925207,1.0
754,0.260671799925207,1.0
756,0.260671799925207,1.0
759,0.260671799925207,1.0
763,0.260671799925207,1.0
764,0.260671799925207,1.0
766,0.260671799925207,1.0
768,0.260671799925207,1.0
769,0.260671799925207,1.0
770,0.260671799925207,1.0
775,0.260671799925207,1.0
776,0.260671799925207,1.0
778,0.260671799925207,1.0
783,0.260671799925207,1.0
784,0.260671799925207,1.0
785,0.260671799925207,1.0
786,0.260671799925207,1.0
788,0.260671799925207,1.0
789,0.260671799925207,1.0
790,0.260671799925207,1.0
791,0.260671799925207,1.0
793,0.260671799925207,1.0
795,0.260671799925207,1.0
799,0.260671799925207,1.0
800,0.260671799925207,1.0
802,0.260671799925207,1.0
805,0.260671799925207,1.0
807,0.260671799925207,1.0
809,0.260671799925207,1.0
877,0.260671799925207,1.0
964,0.260671799925207,1.0
1052,0.260671799925207,1.0
1061,0.260671799925207,1.0
1068,0.260671799925207,1.0
1073,0.260671799925207,1.0
1075,0.260671799925207,1.0
1078,0.260671799925207,1.0
1081,0.260671799925207,1.0
1111,0.260671799925207,1.0
1112,0.260671799925207,1.0
1113,0.260671799925207,1.0
1115,0.260671799925207,1.0
1119,0.260671799925207,1.0
1120,0.260671799925207,1.0
1122,0.260671799925207,1.0
1123,0.260671799925207,1.0
1125,0.260671799925207,1.0
1126,0.260671799925207,1.0
1128,0.260671799925207,1.0
1129,0.260671799925207,1.0
1131,0.260671799925207,1.0
1133,0.260671799925207,1.0
1134,0.260671799925207,1.0
1135,0.260671799925207,1.0
1136,0.260671799925207,1.0
1137,0.260671799925207,1.0
1138,0.260671799925207,1.0
1139,0.260671799925207,1.0
1140,0.260671799925207,1.0
1142,0.260671799925207,1.0
1144,0.260671799925207,1.0
1147,0.260671799925207,1.0
1149,0.260671799925207,1.0
1150,0.260671799925207,1.0
1151,0.260671799925207,1.0
1153,0.260671799925207,1.0
1159,0.260671799925207,1.0
1160,0.260671799925207,1.0
1163,0.260671799925207,1.0
1165,0.260671799925207,1.0
1181,0.260671799925207,1.0
1182,0.260671799925207,1.0
1193,0.260671799925207,1.0
1202,0.260671799925207,1.0
1205,0.260671799925207,1.0
1207,0.260671799925207,1.0
1210,0.260671799925207,1.0
1213,0.260671799925207,1.0
1218,0.260671799925207,1.0
1219,0.260671799925207,1.0
1225,0.260671799925207,1.0
1226,0.260671799925207,1.0
1227,0.260671799925207,1.0
1230,0.260671799925207,1.0
1232,0.260671799925207,1.0
1233,0.260671799925207,1.0
1235,0.260671799925207,1.0
1236,0.260671799925207,1.0
1237,0.260671799925207,1.0
1238,0.260671799925207,1.0
1239,0.260671799925207,1.0
1240,0.260671799925207,1.0
1241,0.260671799925207,1.0
1246,0.260671799925207,1.0
1248,0.260671799925207,1.0
1250,0.260671799925207,1.0
1251,0.260671799925207,1.0
1253,0.260671799925207,1.0
1263,0.260671799925207,1.0
1278,0.260671799925207,1.0
1290,0.260671799925207,1.0
1291,0.260671799925207,1.0
1294,0.260671799925207,1.0
1299,0.260671799925207,1.0
1301,0.260671799925207,1.0
1305,0.260671799925207,1.0
1306,0.260671799925207,1.0
1307,0.260671799925207,1.0
1308,0.260671799925207,1.0
1316,0.260671799925207,1.0
1318,0.260671799925207,1.0
1323,0.260671799925207,1.0
1324,0.260671799925207,1.0
1327,0.260671799925207,1.0
1328,0.260671799925207,1.0
1329,0.260671799925207,1.0
1330,0.260671799925207,1.0
1331,0.260671799925207,1.0
1333,0.260671799925207,1.0
1334,0.260671799925207,1.0
1336,0.260671799925207,1.0
1337,0.260671799925207,1.0
1338,0.260671799925207,1.0
1339,0.260671799925207,1.0
1340,0.260671799925207,1.0
1341,0.260671799925207,1.0
1342,0.260671799925207,1.0
1344,0.260671799925207,1.0
1345,0.260671799925207,1.0
1348,0.260671799925207,1.0
1349,0.260671799925207,1.0
1352,0.260671799925207,1.0
1354,0.260671799925207,1.0
1356,0.260671799925207,1.0
1358,0.260671799925207,1.0
1360,0.260671799925207,1.0
1363,0.260671799925207,1.0
1364,0.260671799925207,1.0
1365,0.260671799925207,1.0
1368,0.260671799925207,1.0
1372,0.260671799925207,1.0
1373,0.260671799925207,1.0
1374,0.260671799925207,1.0
1376,0.260671799925207,1.0
1380,0.260671799925207,1.0
1381,0.260671799925207,1.0
1382,0.260671799925207,1.0
1383,0.260671799925207,1.0
1384,0.260671799925207,1.0
1387,0.260671799925207,1.0
1388,0.260671799925207,1.0
1389,0.260671799925207,1.0
1390,0.260671799925207,1.0
1391,0.260671799925207,1.0
1392,0.260671799925207,1.0
1393,0.260671799925207,1.0
1394,0.260671799925207,1.0
1395,0.260671799925207,1.0
1396,0.260671799925207,1.0
1397,0.260671799925207,1.0
1399,0.260671799925207,1.0
1400,0.260671799925207,1.0
1404,0.260671799925207,1.0
1405,0.260671799925207,1.0
1406,0.260671799925207,1.0
1407,0.260671799925207,1.0
1408,0.260671799925207,1.0
1410,0.260671799925207,1.0
1411,0.260671799925207,1.0
1414,0.260671799925207,1.0
1415,0.260671799925207,1.0
1416,0.260671799925207,1.0
1418,0.260671799925207,1.0
1419,0.260671799925207,1.0
1422,0.260671799925207,1.0
1423,0.260671799925207,1.0
1425,0.260671799925207,1.0
1427,0.260671799925207,1.0
1429,0.260671799925207,1.0
1430,0.260671799925207,1.0
1432,0.260671799925207,1.0
1434,0.260671799925207,1.0
1435,0.260671799925207,1.0
1437,0.260671799925207,1.0
1438,0.260671799925207,1.0
1439,0.260671799925207,1.0
1440,0.260671799925207,1.0
1443,0.260671799925207,1.0
1447,0.260671799925207,1.0
1450,0.260671799925207,1.0
1453,0.260671799925207,1.0
1455,0.260671799925207,1.0
1459,0.260671799925207,1.0
1461,0.260671799925207,1.0
1462,0.260671799925207,1.0
1465,0.260671799925207,1.0
1466,0.260671799925207,1.0
1471,0.260671799925207,1.0
1472,0.260671799925207,1.0
1473,0.260671799925207,1.0
1476,0.260671799925207,1.0
1477,0.260671799925207,1.0
1479,0.260671799925207,1.0
1481,0.260671799925207,1.0
1482,0.260671799925207,1.0
1484,0.260671799925207,1.0
1486,0.260671799925207,1.0
1487,0.260671799925207,1.0
1488,0.260671799925207,1.0
1489,0.260671799925207,1.0
1490,0.260671799925207,1.0
1491,0.260671799925207,1.0
1492,0.260671799925207,1.0
1493,0.260671799925207,1.0
1497,0.260671799925207,1.0
1501,0.260671799925207,1.0
1502,0.260671799925207,1.0
1503,0.260671799925207,1.0
1505,0.260671799925207,1.0
1506,0.260671799925207,1.0
1507,0.260671799925207,1.0
1510,0.260671799925207,1.0
1511,0.260671799925207,1.0
1514,0.260671799925207,1.0
1516,0.260671799925207,1.0
1517,0.260671799925207,1.0
1519,0.260671799925207,1.0
1525,0.260671799925207,1.0
1528,0.260671799925207,1.0
1531,0.260671799925207,1.0
1532,0.260671799925207,1.0
1534,0.260671799925207,1.0
1535,0.260671799925207,1.0
1536,0.260671799925207,1.0
1540,0.260671799925207,1.0
1545,0.260671799925207,1.0
1546,0.260671799925207,1.0
1547,0.260671799925207,1.0
1548,0.260671799925207,1.0
1552,0.260671799925207,1.0
1553,0.260671799925207,1.0
1554,0.260671799925207,1.0
1558,0.260671799925207,1.0
1559,0.260671799925207,1.0
1561,0.260671799925207,1.0
1562,0.260671799925207,1.0
1563,0.260671799925207,1.0
1564,0.260671799925207,1.0
1566,0.260671799925207,1.0
1567,0.260671799925207,1.0
1569,0.260671799925207,1.0
1570,0.260671799925207,1.0
1572,0.260671799925207,1.0
1575,0.260671799925207,1.0
1576,0.260671799925207,1.0
1578,0.260671799925207,1.0
1581,0.260671799925207,1.0
1582,0.260671799925207,1.0
1584,0.260671799925207,1.0
1585,0.260671799925207,1.0
1586,0.260671799925207,1.0
1587,0.260671799925207,1.0
1588,0.260671799925207,1.0
1590,0.260671799925207,1.0
1591,0.260671799925207,1.0
1595,0.260671799925207,1.0
1599,0.260671799925207,1.0
1600,0.260671799925207,1.0
1601,0.260671799925207,1.0
1603,0.260671799925207,1.0
1605,0.260671799925207,1.0
1606,0.260671799925207,1.0
1609,0.260671799925207,1.0
1610,0.260671799925207,1.0
1611,0.260671799925207,1.0
1612,0.260671799925207,1.0
1613,0.260671799925207,1.0
1614,0.260671799925207,1.0
1615,0.260671799925207,1.0
1616,0.260671799925207,1.0
1617,0.260671799925207,1.0
1618,0.260671799925207,1.0
1653,0.260671799925207,1.0
1659,0.260671799925207,1.0
1664,0.260671799925207,1.0
1665,0.260671799925207,1.0
1666,0.260671799925207,1.0
1670,0.260671799925207,1.0
1673,0.260671799925207,1.0
1678,0.260671799925207,1.0
1682,0.260671799925207,1.0
1684,0.260671799925207,1.0
1685,0.260671799925207,1.0
1688,0.260671799925207,1.0
1689,0.260671799925207,1.0
1690,0.260671799925207,1.0
1691,0.260671799925207,1.0
1692,0.260671799925207,1.0
1693,0.260671799925207,1.0
1697,0.260671799925207,1.0
1698,0.260671799925207,1.0
1699,0.260671799925207,1.0
1700,0.260671799925207,1.0
1703,0.260671799925207,1.0
1706,0.260671799925207,1.0
1707,0.260671799925207,1.0
1708,0.260671799925207,1.0
1709,0.260671799925207,1.0
1741,0.260671799925207,1.0
1742,0.260671799925207,1.0
1743,0.260671799925207,1.0
1749,0.260671799925207,1.0
1751,0.260671799925207,1.0
1753,0.260671799925207,1.0
1754,0.260671799925207,1.0
1757,0.260671799925207,1.0
1762,0.260671799925207,1.0
1765,0.260671799925207,1.0
1768,0.260671799925207,1.0
1771,0.260671799925207,1.0
1774,0.260671799925207,1.0
1775,0.260671799925207,1.0
1782,0.260671799925207,1.0
1783,0.260671799925207,1.0
1785,0.260671799925207,1.0
1787,0.260671799925207,1.0
1788,0.260671799925207,1.0
1789,0.260671799925207,1.0
1791,0.260671799925207,1.0
1792,0.260671799925207,1.0
1793,0.260671799925207,1.0
1794,0.260671799925207,1.0
1795,0.260671799925207,1.0
1796,0.260671799925207,1.0
1799,0.260671799925207,1.0
1820,0.260671799925207,1.0
1831,0.260671799925207,1.0
1834,0.260671799925207,1.0
1840,0.260671799925207,1.0
1841,0.260671799925207,1.0
1842,0.260671799925207,1.0
1845,0.260671799925207,1.0
1846,0.260671799925207,1.0
1848,0.260671799925207,1.0
1850,0.260671799925207,1.0
1852,0.260671799925207,1.0
1853,0.260671799925207,1.0
1854,0.260671799925207,1.0
1857,0.260671799925207,1.0
1859,0.260671799925207,1.0
1860,0.260671799925207,1.0
1861,0.260671799925207,1.0
1862,0.260671799925207,1.0
1863,0.260671799925207,1.0
1864,0.260671799925207,1.0
1865,0.260671799925207,1.0
1866,0.260671799925207,1.0
1867,0.260671799925207,1.0
1869,0.260671799925207,1.0
1870,0.260671799925207,1.0
1871,0.260671799925207,1.0
1872,0.260671799925207,1.0
1873,0.260671799925207,1.0
1874,0.260671799925207,1.0
1875,0.260671799925207,1.0
1876,0.260671799925207,1.0
1878,0.260671799925207,1.0
1879,0.260671799925207,1.0
1881,0.260671799925207,1.0
1882,0.260671799925207,1.0
1883,0.260671799925207,1.0
1885,0.260671799925207,1.0
1887,0.260671799925207,1.0
1888,0.260671799925207,1.0
1889,0.260671799925207,1.0
1892,0.260671799925207,1.0
1893,0.260671799925207,1.0
1895,0.260671799925207,1.0
1896,0.260671799925207,1.0
1901,0.260671799925207,1.0
1904,0.260671799925207,1.0
1906,0.260671799925207,1.0
1907,0.260671799925207,1.0
1909,0.260671799925207,1.0
1911,0.260671799925207,1.0
1912,0.260671799925207,1.0
1913,0.260671799925207,1.0
1916,0.260671799925207,1.0
1917,0.260671799925207,1.0
1920,0.260671799925207,1.0
1921,0.260671799925207,1.0
1922,0.260671799925207,1.0
1926,0.260671799925207,1.0
1929,0.260671799925207,1.0
1931,0.260671799925207,1.0
1932,0.260671799925207,1.0
1935,0.260671799925207,1.0
1936,0.260671799925207,1.0
1938,0.260671799925207,1.0
1939,0.260671799925207,1.0
1941,0.260671799925207,1.0
1942,0.260671799925207,1.0
1943,0.260671799925207,1.0
1944,0.260671799925207,1.0
1946,0.260671799925207,1.0
1947,0.260671799925207,1.0
1948,0.260671799925207,1.0
1950,0.260671799925207,1.0
1951,0.260671799925207,1.0
1952,0.260671799925207,1.0
1953,0.260671799925207,1.0
1956,0.260671799925207,1.0
1958,0.260671799925207,1.0
1960,0.260671799925207,1.0
1961,0.260671799925207,1.0
1962,0.260671799925207,1.0
1963,0.260671799925207,1.0
1966,0.260671799925207,1.0
1967,0.260671799925207,1.0
1968,0.260671799925207,1.0
1969,0.260671799925207,1.0
1970,0.260671799925207,1.0
1971,0.260671799925207,1.0
1972,0.260671799925207,1.0
1973,0.260671799925207,1.0
1974,0.260671799925207,1.0
1975,0.260671799925207,1.0
1976,0.260671799925207,1.0
1977,0.260671799925207,1.0
1978,0.260671799925207,1.0
1979,0.260671799925207,1.0
1980,0.260671799925207,1.0
1984,0.260671799925207,1.0
1986,0.260671799925207,1.0
1987,0.260671799925207,1.0
1988,0.260671799925207,1.0
1989,0.260671799925207,1.0
1993,0.260671799925207,1.0
1999,0.260671799925207,1.0
2000,0.260671799925207,1.0
2002,0.260671799925207,1.0
2003,0.260671799925207,1.0
2005,0.260671799925207,1.0
2006,0.260671799925207,1.0
2009,0.260671799925207,1.0
2010,0.260671799925207,1.0
2012,0.260671799925207,1.0
2014,0.260671799925207,1.0
2017,0.260671799925207,1.0
2018,0.260671799925207,1.0
2019,0.260671799925207,1.0
2020,0.260671799925207,1.0
2021,0.260671799925207,1.0
2022,0.260671799925207,1.0
2024,0.260671799925207,1.0
2026,0.260671799925207,1.0
2030,0.260671799925207,1.0
2031,0.260671799925207,1.0
2032,0.260671799925207,1.0
2033,0.260671799925207,1.0
2034,0.260671799925207,1.0
2035,0.260671799925207,1.0
2036,0.260671799925207,1.0
2041,0.260671799925207,1.0
2043,0.260671799925207,1.0
2044,0.260671799925207,1.0
2045,0.260671799925207,1.0
2046,0.260671799925207,1.0
2049,0.260671799925207,1.0
2050,0.260671799925207,1.0
2051,0.260671799925207,1.0
2054,0.260671799925207,1.0
2055,0.260671799925207,1.0
2056,0.260671799925207,1.0
2057,0.260671799925207,1.0
2058,0.260671799925207,1.0
2059,0.260671799925207,1.0
2060,0.260671799925207,1.0
2061,0.260671799925207,1.0
2062,0.260671799925207,1.0
2065,0.260671799925207,1.0
2066,0.260671799925207,1.0
2067,0.260671799925207,1.0
2069,0.260671799925207,1.0
2070,0.260671799925207,1.0
2071,0.260671799925207,1.0
2072,0.260671799925207,1.0
2073,0.260671799925207,1.0
2074,0.260671799925207,1.0
2076,0.260671799925207,1.0
2077,0.260671799925207,1.0
2082,0.260671799925207,1.0
2083,0.260671799925207,1.0
2085,0.260671799925207,1.0
2088,0.260671799925207,1.0
2090,0.260671799925207,1.0
2091,0.260671799925207,1.0
2092,0.260671799925207,1.0
2094,0.260671799925207,1.0
2095,0.260671799925207,1.0
2096,0.260671799925207,1.0
2097,0.260671799925207,1.0
2101,0.260671799925207,1.0
2102,0.260671799925207,1.0
2105,0.260671799925207,1.0
2107,0.260671799925207,1.0
2108,0.260671799925207,1.0
2109,0.260671799925207,1.0
2112,0.260671799925207,1.0
2113,0.260671799925207,1.0
2114,0.260671799925207,1.0
2115,0.260671799925207,1.0
2116,0.260671799925207,1.0
2119,0.260671799925207,1.0
2120,0.260671799925207,1.0
2121,0.260671799925207,1.0
2123,0.260671799925207,1.0
2124,0.260671799925207,1.0
2128,0.260671799925207,1.0
2129,0.260671799925207,1.0
2130,0.260671799925207,1.0
2131,0.260671799925207,1.0
2132,0.260671799925207,1.0
2133,0.260671799925207,1.0
2134,0.260671799925207,1.0
2135,0.260671799925207,1.0
2136,0.260671799925207,1.0
2139,0.260671799925207,1.0
2140,0.260671799925207,1.0
2142,0.260671799925207,1.0
2143,0.260671799925207,1.0
2144,0.260671799925207,1.0
2145,0.260671799925207,1.0
2146,0.260671799925207,1.0
2147,0.260671799925207,1.0
2149,0.260671799925207,1.0
2150,0.260671799925207,1.0
2152,0.260671799925207,1.0
2153,0.260671799925207,1.0
2154,0.260671799925207,1.0
2155,0.260671799925207,1.0
2156,0.260671799925207,1.0
2159,0.260671799925207,1.0
2161,0.260671799925207,1.0
2162,0.260671799925207,1.0
2163,0.260671799925207,1.0
2164,0.260671799925207,1.0
2165,0.260671799925207,1.0
2166,0.260671799925207,1.0
2167,0.260671799925207,1.0
2170,0.260671799925207,1.0
2171,0.260671799925207,1.0
2173,0.260671799925207,1.0
2175,0.260671799925207,1.0
2176,0.260671799925207,1.0
2177,0.260671799925207,1.0
2178,0.260671799925207,1.0
2179,0.260671799925207,1.0
2180,0.260671799925207,1.0
2181,0.260671799925207,1.0
2185,0.260671799925207,1.0
2186,0.260671799925207,1.0
2187,0.260671799925207,1.0
2188,0.260671799925207,1.0
2190,0.260671799925207,1.0
2191,0.260671799925207,1.0
2194,0.260671799925207,1.0
2198,0.260671799925207,1.0
2199,0.260671799925207,1.0
2200,0.260671799925207,1.0
2201,0.260671799925207,1.0
2203,0.260671799925207,1.0
2205,0.260671799925207,1.0
2206,0.260671799925207,1.0
2208,0.260671799925207,1.0
2209,0.260671799925207,1.0
2210,0.260671799925207,1.0
2211,0.260671799925207,1.0
2215,0.260671799925207,1.0
2216,0.260671799925207,1.0
2217,0.260671799925207,1.0
2218,0.260671799925207,1.0
2219,0.260671799925207,1.0
2221,0.260671799925207,1.0
2222,0.260671799925207,1.0
2223,0.260671799925207,1.0
2224,0.260671799925207,1.0
2225,0.260671799925207,1.0
2226,0.260671799925207,1.0
2227,0.260671799925207,1.0
2229,0.260671799925207,1.0
2230,0.260671799925207,1.0
2231,0.260671799925207,1.0
2232,0.260671799925207,1.0
2233,0.260671799925207,1.0
2234,0.260671799925207,1.0
2235,0.260671799925207,1.0
2236,0.260671799925207,1.0
2237,0.260671799925207,1.0
2238,0.260671799925207,1.0
2239,0.260671799925207,1.0
2240,0.260671799925207,1.0
2241,0.260671799925207,1.0
2242,0.260671799925207,1.0
2244,0.260671799925207,1.0
2246,0.260671799925207,1.0
2248,0.260671799925207,1.0
2249,0.260671799925207,1.0
2251,0.260671799925207,1.0
2254,0.260671799925207,1.0
2255,0.260671799925207,1.0
2257,0.260671799925207,1.0
2258,0.260671799925207,1.0
2259,0.260671799925207,1.0
2261,0.260671799925207,1.0
2262,0.260671799925207,1.0
2264,0.260671799925207,1.0
2265,0.260671799925207,1.0
2267,0.260671799925207,1.0
2268,0.260671799925207,1.0
2269,0.260671799925207,1.0
2270,0.260671799925207,1.0
2271,0.260671799925207,1.0
2274,0.260671799925207,1.0
2276,0.260671799925207,1.0
2277,0.260671799925207,1.0
2280,0.260671799925207,1.0
2281,0.260671799925207,1.0
2283,0.260671799925207,1.0
2284,0.260671799925207,1.0
2285,0.260671799925207,1.0
2286,0.260671799925207,1.0
2288,0.260671799925207,1.0
2291,0.260671799925207,1.0
2293,0.260671799925207,1.0
2295,0.260671799925207,1.0
2297,0.260671799925207,1.0
2299,0.260671799925207,1.0
2300,0.260671799925207,1.0
2301,0.260671799925207,1.0
2302,0.260671799925207,1.0
2306,0.260671799925207,1.0
2307,0.260671799925207,1.0
2308,0.260671799925207,1.0
2309,0.260671799925207,1.0
2311,0.260671799925207,1.0
2313,0.260671799925207,1.0
2315,0.260671799925207,1.0
2316,0.260671799925207,1.0
2317,0.260671799925207,1.0
2318,0.260671799925207,1.0
2319,0.260671799925207,1.0
2322,0.260671799925207,1.0
2326,0.260671799925207,1.0
2328,0.260671799925207,1.0
2329,0.260671799925207,1.0
2330,0.260671799925207,1.0
2331,0.260671799925207,1.0
2332,0.260671799925207,1.0
2333,0.260671799925207,1.0
2336,0.260671799925207,1.0
2337,0.260671799925207,1.0
2338,0.260671799925207,1.0
2339,0.260671799925207,1.0
2340,0.260671799925207,1.0
2341,0.260671799925207,1.0
2343,0.260671799925207,1.0
2346,0.260671799925207,1.0
2347,0.260671799925207,1.0
2348,0.260671799925207,1.0
2349,0.260671799925207,1.0
2351,0.260671799925207,1.0
2352,0.260671799925207,1.0
2353,0.260671799925207,1.0
2357,0.260671799925207,1.0
2360,0.260671799925207,1.0
2361,0.260671799925207,1.0
2362,0.260671799925207,1.0
2364,0.260671799925207,1.0
2365,0.260671799925207,1.0
2367,0.260671799925207,1.0
2368,0.260671799925207,1.0
2369,0.260671799925207,1.0
2370,0.260671799925207,1.0
2371,0.260671799925207,1.0
2372,0.260671799925207,1.0
2373,0.260671799925207,1.0
2378,0.260671799925207,1.0
2379,0.260671799925207,1.0
2380,0.260671799925207,1.0
2381,0.260671799925207,1.0
2382,0.260671799925207,1.0
2383,0.260671799925207,1.0
2384,0.260671799925207,1.0
2386,0.260671799925207,1.0
2387,0.260671799925207,1.0
2389,0.260671799925207,1.0
2390,0.260671799925207,1.0
2391,0.260671799925207,1.0
2392,0.260671799925207,1.0
2393,0.260671799925207,1.0
2394,0.260671799925207,1.0
2395,0.260671799925207,1.0
2396,0.260671799925207,1.0
2397,0.260671799925207,1.0
2398,0.260671799925207,1.0
2399,0.260671799925207,1.0
2401,0.260671799925207,1.0
2402,0.260671799925207,1.0
2404,0.260671799925207,1.0
2405,0.260671799925207,1.0
2406,0.260671799925207,1.0
2407,0.260671799925207,1.0
2408,0.260671799925207,1.0
2409,0.260671799925207,1.0
2412,0.260671799925207,1.0
2413,0.260671799925207,1.0
2414,0.260671799925207,1.0
2415,0.260671799925207,1.0
2416,0.260671799925207,1.0
2418,0.260671799925207,1.0
2419,0.260671799925207,1.0
2421,0.260671799925207,1.0
2422,0.260671799925207,1.0
2424,0.260671799925207,1.0
2425,0.260671799925207,1.0
2426,0.260671799925207,1.0
2427,0.260671799925207,1.0
2428,0.260671799925207,1.0
2429,0.260671799925207,1.0
