,swarm_size,max_iterations,fitness,k1,k3,k5,k7,k9
0,25.0,50.0,0.8730081348853301,0.5690515806988353,0.5588602329450915,0.5725873544093179,0.5715474209650583,0.5711314475873545
1,25.0,50.0,0.8730081348853301,0.5748752079866889,0.5478369384359401,0.5607321131447587,0.5646838602329451,0.5711314475873545
2,25.0,50.0,0.8730081348853301,0.7292013311148087,0.7169301164725458,0.7086106489184693,0.7038269550748752,0.6998752079866889
3,25.0,50.0,0.8730081348853301,0.5727953410981698,0.5524126455906821,0.5590682196339434,0.5705074875207987,0.5702995008319468
4,25.0,50.0,0.8730081348853301,0.5328618968386023,0.5301580698835274,0.538269550748752,0.5463810316139767,0.5482529118136439
5,25.0,50.0,0.8730081348853301,0.6532861896838602,0.6412229617304492,0.6416389351081531,0.6493344425956739,0.651414309484193
6,25.0,50.0,0.8730081348853301,0.7287853577371048,0.7167221297836939,0.7204658901830283,0.7065307820299501,0.7029950083194676
7,25.0,50.0,0.8730081348853301,0.7142262895174709,0.7090266222961731,0.7171381031613977,0.7173460898502496,0.7129783693843594
8,25.0,50.0,0.8730081348853301,0.7722545757071547,0.7551996672212978,0.7564475873544093,0.7589434276206323,0.752287853577371
9,25.0,50.0,0.8730081348853301,0.6599417637271214,0.6480865224625624,0.6478785357737105,0.6428868552412645,0.6430948419301165
10,25.0,50.0,0.8730081348853301,0.5694675540765392,0.5634359400998337,0.5775790349417638,0.5779950083194676,0.584234608985025
11,25.0,50.0,0.8730081348853301,0.6603577371048253,0.6443427620632279,0.6445507487520798,0.6383111480865225,0.6422628951747088
12,25.0,50.0,0.8730081348853301,0.7133943427620633,0.706946755407654,0.7021630615640599,0.7013311148086523,0.6940515806988353
13,25.0,50.0,0.8730081348853301,0.4261647254575707,0.4652662229617304,0.49584026622296173,0.5037437603993344,0.5243344425956739
14,25.0,50.0,0.8730081348853301,0.6401830282861897,0.6314475873544093,0.6428868552412645,0.6499584026622296,0.6424708818635607
15,25.0,50.0,0.8730081348853301,0.5203826955074875,0.5270382695507487,0.5405574043261231,0.5413893510815307,0.5424292845257903
16,25.0,50.0,0.8730081348853301,0.6256239600665557,0.6245840266222962,0.629783693843594,0.6351913477537438,0.6378951747088186
17,25.0,50.0,0.8730081348853301,0.6121048252911814,0.5892262895174709,0.6048252911813644,0.6094009983361065,0.6096089850249584
18,25.0,50.0,0.8730081348853301,0.7934692179700499,0.7799500831946755,0.7762063227953411,0.7626871880199667,0.7574875207986689
19,25.0,50.0,0.8730081348853301,0.6969633943427621,0.6859400998336106,0.6865640599001663,0.6824043261231281,0.6717970049916805
20,25.0,50.0,0.8730081348853301,0.6555740432612313,0.6353993344425957,0.6399750415973378,0.6449667221297837,0.646630615640599
21,25.0,50.0,0.8730081348853301,0.7000831946755408,0.6811564059900166,0.6763727121464226,0.6707570715474209,0.6663893510815307
22,25.0,50.0,0.8730081348853301,0.764351081530782,0.745216306156406,0.7485440931780366,0.7439683860232945,0.7464642262895175
23,25.0,50.0,0.8730081348853301,0.4197171381031614,0.42200499168053246,0.4428036605657238,0.4473793677204659,0.4488352745424293
24,25.0,50.0,0.8730081348853301,0.4588186356073211,0.47420965058236275,0.490432612312812,0.507071547420965,0.5097753743760399
25,25.0,50.0,0.8730081348853301,0.6181364392678869,0.6091930116472546,0.617928452579035,0.6216722129783694,0.6222961730449251
26,25.0,50.0,0.8730081348853301,0.6780366056572379,0.6676372712146422,0.6576539101497504,0.6641014975041597,0.6645174708818635
27,25.0,50.0,0.8730081348853301,0.5809068219633944,0.5665557404326124,0.5767470881863561,0.5740432612312812,0.5829866888519135
28,25.0,50.0,0.8730081348853301,0.5245424292845258,0.4983361064891847,0.5058236272878536,0.5101913477537438,0.509567387687188
29,25.0,50.0,0.8730081348853301,0.5426372712146422,0.5232945091514143,0.5418053244592346,0.5440931780366056,0.5474209650582362
30,25.0,50.0,0.8730081348853301,0.7635191347753744,0.7321131447587355,0.7231697171381032,0.7196339434276207,0.7094425956738769
31,25.0,50.0,0.8730081348853301,0.668261231281198,0.6430948419301165,0.6543261231281198,0.6447587354409318,0.641846921797005
32,25.0,50.0,0.8730081348853301,0.8548252911813644,0.8244592346089851,0.8069883527454242,0.7970049916805324,0.7816139767054908
33,25.0,50.0,0.8730081348853301,0.6243760399334443,0.622712146422629,0.6206322795341098,0.6254159733777038,0.6299916805324459
34,25.0,50.0,0.8730081348853301,0.30969217970049917,0.31385191347753744,0.3273710482529118,0.33257071547420963,0.3354825291181364
35,25.0,50.0,0.8730081348853301,0.4690099833610649,0.49459234608985025,0.5158069883527454,0.5237104825291181,0.5253743760399334
36,25.0,50.0,0.8730081348853301,0.6495424292845258,0.6318635607321131,0.6391430948419301,0.6408069883527454,0.6374792013311148
37,25.0,50.0,0.8730081348853301,0.8271630615640599,0.8094841930116472,0.8017886855241264,0.7928452579034941,0.7826539101497504
38,25.0,50.0,0.8730081348853301,0.7229617304492513,0.7142262895174709,0.7081946755407654,0.7077787021630616,0.7065307820299501
39,25.0,50.0,0.8730081348853301,0.6185524126455907,0.5971297836938436,0.5954658901830283,0.6050332778702163,0.6019134775374376
40,25.0,50.0,0.8730081348853301,0.5844425956738769,0.5609400998336106,0.5838186356073212,0.5921381031613977,0.5933860232945092
41,25.0,50.0,0.8730081348853301,0.7481281198003328,0.7466722129783694,0.7483361064891847,0.7493760399334443,0.745216306156406
42,25.0,50.0,0.8730081348853301,0.6218801996672213,0.6110648918469218,0.615432612312812,0.6114808652246256,0.6116888519134775
43,25.0,50.0,0.8730081348853301,0.7221297836938436,0.7013311148086523,0.6884359400998337,0.6934276206322796,0.6905158069883528
44,25.0,50.0,0.8730081348853301,0.6324875207986689,0.6212562396006656,0.6229201331114809,0.6247920133111481,0.6247920133111481
45,25.0,50.0,0.8730081348853301,0.5376455906821963,0.5131031613976705,0.5232945091514143,0.5291181364392679,0.5309900166389351
46,25.0,50.0,0.8730081348853301,0.7013311148086523,0.6815723793677204,0.6855241264559068,0.6884359400998337,0.6811564059900166
47,25.0,50.0,0.8730081348853301,0.5293261231281198,0.5349417637271214,0.552828618968386,0.5601081530782029,0.5678036605657238
48,25.0,50.0,0.8730081348853301,0.7181780366056573,0.7071547420965059,0.7009151414309485,0.7011231281198004,0.6963394342762064
49,25.0,50.0,0.8730081348853301,0.785981697171381,0.7770382695507487,0.7647670549084858,0.7641430948419301,0.7616472545757071
50,25.0,50.0,0.8730081348853301,0.6503743760399334,0.6326955074875208,0.6360232945091514,0.6343594009983361,0.6349833610648918
51,25.0,50.0,0.8730081348853301,0.7768302828618968,0.7562396006655574,0.7493760399334443,0.7456322795341098,0.7346089850249584
52,25.0,50.0,0.8730081348853301,0.6990432612312812,0.6693011647254575,0.6722129783693843,0.6628535773710482,0.6622296173044925
53,25.0,50.0,0.8730081348853301,0.7054908485856906,0.6907237936772047,0.6884359400998337,0.6867720465890182,0.6811564059900166
54,25.0,50.0,0.8730081348853301,0.5675956738768719,0.5495008319467554,0.5590682196339434,0.5605241264559068,0.56738768718802
55,25.0,50.0,0.8730081348853301,0.6950915141430949,0.6836522462562395,0.6840682196339434,0.6832362728785357,0.6792845257903494
56,25.0,50.0,0.8730081348853301,0.6963394342762064,0.6784525790349417,0.6732529118136439,0.6715890183028286,0.6674292845257903
57,25.0,50.0,0.8730081348853301,0.5992096505823628,0.5796589018302829,0.5894342762063228,0.584234608985025,0.5854825291181365
58,25.0,50.0,0.8730081348853301,0.663269550748752,0.6497504159733777,0.6518302828618968,0.6491264559068219,0.6499584026622296
59,25.0,50.0,0.8730081348853301,0.5079034941763727,0.4873128119800333,0.5033277870216306,0.5054076539101497,0.5076955074875208
60,25.0,50.0,0.8730081348853301,0.6222961730449251,0.6121048252911814,0.6100249584026622,0.6216722129783694,0.6198003327787022
61,25.0,50.0,0.8730081348853301,0.6462146422628952,0.6256239600665557,0.6314475873544093,0.6299916805324459,0.625
62,25.0,50.0,0.8730081348853301,0.4536189683860233,0.4556988352745424,0.4667221297836938,0.4812811980033278,0.4779534109816972
63,25.0,50.0,0.8730081348853301,0.45632279534109815,0.46859400998336104,0.4933444259567388,0.49937603993344426,0.5110232945091514
64,25.0,50.0,0.8730081348853301,0.6104409317803661,0.589018302828619,0.596089850249584,0.6031613976705491,0.6085690515806988
65,25.0,50.0,0.8730081348853301,0.5956738768718802,0.5694675540765392,0.5767470881863561,0.5761231281198004,0.5759151414309485
66,25.0,50.0,0.8730081348853301,0.6782445923460898,0.6645174708818635,0.6665973377703827,0.6659733777038269,0.6613976705490848
67,25.0,50.0,0.8730081348853301,0.7888935108153078,0.7707986688851913,0.7655990016638935,0.7545757071547421,0.7435524126455907
68,25.0,50.0,0.8730081348853301,0.714018302828619,0.6884359400998337,0.6828202995008319,0.680116472545757,0.6738768718801996
69,25.0,50.0,0.8730081348853301,0.7512479201331115,0.7227537437603994,0.7138103161397671,0.7042429284525791,0.6969633943427621
70,25.0,50.0,0.8730081348853301,0.6836522462562395,0.6663893510815307,0.6757487520798668,0.6661813643926788,0.6624376039933444
71,25.0,50.0,0.8730081348853301,0.71630615640599,0.7050748752079867,0.7052828618968386,0.6938435940099834,0.6878119800332779
72,25.0,50.0,0.8730081348853301,0.7959650582362728,0.7814059900166389,0.7726705490848585,0.764351081530782,0.7585274542429284
73,25.0,50.0,0.8730081348853301,0.42949251247920134,0.45341098169717137,0.4906405990016639,0.4981281198003328,0.5097753743760399
74,25.0,50.0,0.8730081348853301,0.7462562396006656,0.7262895174708819,0.71630615640599,0.711730449251248,0.6990432612312812
75,25.0,50.0,0.8730081348853301,0.665765391014975,0.6809484193011647,0.6840682196339434,0.6865640599001663,0.6934276206322796
76,25.0,50.0,0.8730081348853301,0.6002495840266223,0.6014975041597338,0.6123128119800333,0.615432612312812,0.620216306156406
77,25.0,50.0,0.8730081348853301,0.660981697171381,0.651414309484193,0.6493344425956739,0.6470465890183028,0.6443427620632279
78,25.0,50.0,0.8730081348853301,0.658485856905158,0.6591098169717138,0.6574459234608985,0.6626455906821963,0.6707570715474209
79,25.0,50.0,0.8730081348853301,0.6722129783693843,0.6701331114808652,0.6836522462562395,0.6857321131447587,0.6840682196339434
80,25.0,50.0,0.8730081348853301,0.6526622296173045,0.6395590682196339,0.6389351081530782,0.641846921797005,0.6374792013311148
81,25.0,50.0,0.8730081348853301,0.8211314475873545,0.7924292845257903,0.7828618968386023,0.7703826955074875,0.7666389351081531
82,25.0,50.0,0.8730081348853301,0.6618136439267887,0.6576539101497504,0.6534941763727121,0.6541181364392679,0.6470465890183028
83,25.0,50.0,0.8730081348853301,0.5557404326123128,0.5459650582362728,0.55761231281198,0.5582362728785357,0.5640599001663894
84,25.0,50.0,0.8730081348853301,0.6347753743760399,0.6237520798668885,0.6277038269550749,0.6376871880199667,0.6306156405990017
85,25.0,50.0,0.8730081348853301,0.7381447587354409,0.7371048252911814,0.7314891846921797,0.735648918469218,0.7306572379367721
86,25.0,50.0,0.8730081348853301,0.7273294509151415,0.7081946755407654,0.6975873544093179,0.7015391014975042,0.6909317803660566
87,25.0,50.0,0.8730081348853301,0.5451331114808652,0.5397254575707154,0.5492928452579035,0.5580282861896838,0.5594841930116472
88,25.0,50.0,0.8730081348853301,0.5717554076539102,0.5648918469217971,0.5732113144758736,0.5879783693843594,0.5973377703826955
89,25.0,50.0,0.8730081348853301,0.6439267886855241,0.6335274542429284,0.6324875207986689,0.6289517470881864,0.6306156405990017
90,25.0,50.0,0.8730081348853301,0.6031613976705491,0.6000415973377704,0.6077371048252912,0.6146006655574043,0.6112728785357737
91,25.0,50.0,0.8730081348853301,0.8142678868552413,0.7947171381031614,0.7863976705490848,0.776414309484193,0.7770382695507487
92,25.0,50.0,0.8730081348853301,0.5873544093178037,0.5840266222961731,0.5935940099833611,0.6025374376039934,0.6094009983361065
93,25.0,50.0,0.8730081348853301,0.7755823627287853,0.7466722129783694,0.7412645590682196,0.7381447587354409,0.72608153078203
94,25.0,50.0,0.8730081348853301,0.7312811980033278,0.69238768718802,0.6903078202995009,0.6782445923460898,0.6759567387687188
95,25.0,50.0,0.8730081348853301,0.6545341098169717,0.6439267886855241,0.641846921797005,0.644134775374376,0.6376871880199667
96,25.0,50.0,0.8730081348853301,0.5713394342762064,0.5713394342762064,0.5773710482529119,0.5900582362728786,0.5921381031613977
97,25.0,50.0,0.8730081348853301,0.788477537437604,0.7626871880199667,0.7468801996672213,0.7385607321131448,0.7227537437603994
98,25.0,50.0,0.8730081348853301,0.3589850249584027,0.370216306156406,0.38851913477537436,0.3874792013311148,0.4047420965058236
99,25.0,50.0,0.8730081348853301,0.6524542429284526,0.6385191347753744,0.6474625623960066,0.6455906821963394,0.64891846921797
100,25.0,50.0,0.8730081348853301,0.716514143094842,0.71630615640599,0.7271214642262895,0.7258735440931781,0.7183860232945092
101,25.0,50.0,0.8730081348853301,0.5472129783693843,0.5187188019966722,0.5401414309484193,0.5403494176372712,0.5443011647254575
102,25.0,50.0,0.8730081348853301,0.6857321131447587,0.6861480865224625,0.6928036605657238,0.6988352745424293,0.6990432612312812
103,25.0,50.0,0.8730081348853301,0.6318635607321131,0.6185524126455907,0.6341514143094842,0.6314475873544093,0.6260399334442596
104,25.0,50.0,0.8730081348853301,0.7302412645590682,0.7231697171381032,0.7262895174708819,0.716514143094842,0.7152662229617305
105,25.0,50.0,0.8730081348853301,0.7306572379367721,0.7125623960066556,0.7146422628951747,0.7096505823627288,0.6955074875207987
106,25.0,50.0,0.8730081348853301,0.5563643926788685,0.555116472545757,0.5653078202995009,0.576955074875208,0.5754991680532446
107,25.0,50.0,0.8730081348853301,0.7481281198003328,0.7337770382695508,0.7219217970049917,0.7246256239600666,0.7148502495840267
108,25.0,50.0,0.8730081348853301,0.7660149750415973,0.7402246256239601,0.742720465890183,0.7344009983361065,0.7298252911813644
109,25.0,50.0,0.8730081348853301,0.6518302828618968,0.6578618968386023,0.6672212978369384,0.6728369384359401,0.6736688851913477
110,25.0,50.0,0.8730081348853301,0.6553660565723793,0.6443427620632279,0.6468386023294509,0.6482945091514143,0.6451747088186356
111,25.0,50.0,0.8730081348853301,0.480865224625624,0.49459234608985025,0.5147670549084858,0.5339018302828619,0.5401414309484193
112,25.0,50.0,0.8730081348853301,0.7599833610648918,0.7387687188019967,0.7389767054908486,0.7298252911813644,0.7200499168053245
113,25.0,50.0,0.8730081348853301,0.5532445923460898,0.5482529118136439,0.5590682196339434,0.5669717138103162,0.5680116472545758
114,25.0,50.0,0.8730081348853301,0.7262895174708819,0.7048668885191348,0.7023710482529119,0.6955074875207987,0.6934276206322796
115,25.0,50.0,0.8730081348853301,0.6064891846921797,0.6006655574043261,0.6050332778702163,0.6116888519134775,0.615432612312812
116,25.0,50.0,0.8730081348853301,0.5557404326123128,0.5636439267886856,0.572171381031614,0.5740432612312812,0.5836106489184693
117,25.0,50.0,0.8730081348853301,0.45653078202995007,0.478369384359401,0.4750415973377704,0.4746256239600666,0.49937603993344426
118,25.0,50.0,0.8730081348853301,0.5482529118136439,0.5266222961730449,0.5403494176372712,0.5519966722129783,0.5461730449251248
119,25.0,50.0,0.8730081348853301,0.5426372712146422,0.5567803660565723,0.5684276206322796,0.5754991680532446,0.5792429284525791
120,25.0,50.0,0.8730081348853301,0.6580698835274542,0.6443427620632279,0.6509983361064892,0.6493344425956739,0.651414309484193
121,25.0,50.0,0.8730081348853301,0.6711730449251248,0.673044925124792,0.6809484193011647,0.6921797004991681,0.6936356073211315
122,25.0,50.0,0.8730081348853301,0.7306572379367721,0.7046589018302829,0.7042429284525791,0.7027870216306157,0.694883527454243
123,25.0,50.0,0.8730081348853301,0.6437188019966722,0.6285357737104825,0.6304076539101497,0.6437188019966722,0.6403910149750416
124,25.0,50.0,0.8730081348853301,0.6647254575707154,0.6520382695507487,0.651414309484193,0.6532861896838602,0.6497504159733777
125,25.0,50.0,0.8730081348853301,0.6917637271214643,0.6811564059900166,0.680116472545757,0.6821963394342762,0.6867720465890182
126,25.0,50.0,0.8730081348853301,0.4417637271214642,0.4463394342762063,0.4633943427620632,0.47108985024958405,0.4681780366056572
127,25.0,50.0,0.8730081348853301,0.6235440931780366,0.5990016638935108,0.6031613976705491,0.6085690515806988,0.6023294509151415
128,25.0,50.0,0.8730081348853301,0.4178452579034942,0.425540765391015,0.45777870216306155,0.46235440931780364,0.46630615640599
129,25.0,50.0,0.8730081348853301,0.752495840266223,0.7406405990016639,0.7437603993344426,0.742928452579035,0.7335690515806988
130,25.0,50.0,0.8730081348853301,0.5981697171381032,0.5813227953410982,0.5935940099833611,0.5992096505823628,0.6060732113144759
131,25.0,50.0,0.8730081348853301,0.5877703826955075,0.5707154742096506,0.5806988352745425,0.5806988352745425,0.5854825291181365
132,25.0,50.0,0.8730081348853301,0.612936772046589,0.5954658901830283,0.6083610648918469,0.6121048252911814,0.6118968386023295
133,25.0,50.0,0.8730081348853301,0.5135191347753744,0.5004159733777038,0.5137271214642263,0.519134775374376,0.5185108153078203
134,25.0,50.0,0.8730081348853301,0.7007071547420965,0.6938435940099834,0.690099833610649,0.6836522462562395,0.6817803660565723
135,25.0,50.0,0.8730081348853301,0.6069051580698835,0.5898502495840267,0.5908901830282862,0.6050332778702163,0.6062811980033278
136,25.0,50.0,0.8730081348853301,0.7579034941763727,0.7319051580698835,0.7264975041597338,0.7223377703826955,0.7215058236272879
137,25.0,50.0,0.8730081348853301,0.7710066555740432,0.7635191347753744,0.7608153078202995,0.752287853577371,0.7454242928452579
138,25.0,50.0,0.8730081348853301,0.5954658901830283,0.5784109816971714,0.5948419301164726,0.5952579034941764,0.5979617304492513
139,25.0,50.0,0.8730081348853301,0.533485856905158,0.5133111480865225,0.5245424292845258,0.5372296173044925,0.5355657237936772
140,25.0,50.0,0.8730081348853301,0.6056572379367721,0.5952579034941764,0.6079450915141431,0.6137687188019967,0.6168885191347754
141,25.0,50.0,0.8730081348853301,0.6445507487520798,0.6264559068219634,0.6362312811980033,0.6381031613976705,0.6299916805324459
142,25.0,50.0,0.8730081348853301,0.5409733777038269,0.5522046589018302,0.5617720465890182,0.5659317803660566,0.5663477537437605
143,25.0,50.0,0.8730081348853301,0.5861064891846922,0.5771630615640599,0.5883943427620633,0.5894342762063228,0.5933860232945092
144,25.0,50.0,0.8730081348853301,0.5443011647254575,0.5428452579034941,0.5538685524126455,0.5553244592346089,0.565099833610649
145,25.0,50.0,0.8730081348853301,0.6333194675540765,0.6185524126455907,0.617720465890183,0.6168885191347754,0.6189683860232945
146,25.0,50.0,0.8730081348853301,0.6185524126455907,0.605865224625624,0.6210482529118136,0.6195923460898503,0.6243760399334443
147,25.0,50.0,0.8730081348853301,0.5671797004991681,0.55761231281198,0.5804908485856906,0.5877703826955075,0.586522462562396
148,25.0,50.0,0.8730081348853301,0.6701331114808652,0.6507903494176372,0.6493344425956739,0.6532861896838602,0.64891846921797
149,25.0,50.0,0.8730081348853301,0.4860648918469218,0.507279534109817,0.535981697171381,0.5413893510815307,0.5472129783693843
150,25.0,50.0,0.8730081348853301,0.543261231281198,0.5124792013311148,0.5241264559068219,0.528910149750416,0.5282861896838602
151,25.0,50.0,0.8730081348853301,0.6871880199667221,0.680116472545757,0.6844841930116472,0.6838602329450915,0.6832362728785357
152,25.0,50.0,0.8730081348853301,0.8019966722129783,0.7830698835274542,0.7820299500831946,0.7647670549084858,0.7585274542429284
153,25.0,50.0,0.8730081348853301,0.4365640599001664,0.4380199667221298,0.45798668885191346,0.4667221297836938,0.4648502495840266
154,25.0,50.0,0.8730081348853301,0.6936356073211315,0.6742928452579035,0.6726289517470881,0.6672212978369384,0.6747088186356073
155,25.0,50.0,0.8730081348853301,0.740432612312812,0.7306572379367721,0.7264975041597338,0.721297836938436,0.7136023294509152
156,25.0,50.0,0.8730081348853301,0.5825707154742097,0.5544925124792013,0.5686356073211315,0.5713394342762064,0.5738352745424293
157,25.0,50.0,0.8730081348853301,0.44072379367720466,0.4796173044925125,0.4970881863560732,0.4985440931780366,0.5106073211314476
158,25.0,50.0,0.8730081348853301,0.5272462562396006,0.5093594009983361,0.5166389351081531,0.5268302828618968,0.5278702163061564
159,25.0,50.0,0.8730081348853301,0.7229617304492513,0.6903078202995009,0.6925956738768719,0.6867720465890182,0.6794925124792013
160,25.0,50.0,0.8730081348853301,0.4715058236272879,0.4660981697171381,0.47857737104825293,0.49168053244592347,0.49771214642262895
161,25.0,50.0,0.8730081348853301,0.4619384359400998,0.48190515806988354,0.49896006655574043,0.5018718801996672,0.5103993344425957
162,25.0,50.0,0.8730081348853301,0.6457986688851913,0.6331114808652246,0.6362312811980033,0.6389351081530782,0.6368552412645591
163,25.0,50.0,0.8730081348853301,0.7061148086522463,0.6788685524126455,0.6749168053244592,0.6707570715474209,0.675332778702163
164,25.0,50.0,0.8730081348853301,0.4700499168053245,0.48523294509151416,0.507071547420965,0.5099833610648918,0.5212146422628952
165,25.0,50.0,0.8730081348853301,0.46734608985024956,0.485648918469218,0.5014559068219634,0.5118552412645591,0.5224625623960066
166,25.0,50.0,0.8730081348853301,0.6476705490848585,0.622712146422629,0.6287437603993344,0.6220881863560732,0.6258319467554077
167,25.0,50.0,0.8730081348853301,0.706738768718802,0.6992512479201332,0.687396006655574,0.6794925124792013,0.6772046589018302
168,25.0,50.0,0.8730081348853301,0.6522462562396006,0.6422628951747088,0.6482945091514143,0.64891846921797,0.6493344425956739
169,25.0,50.0,0.8730081348853301,0.6672212978369384,0.6720049916805324,0.6715890183028286,0.6797004991680532,0.6832362728785357
170,25.0,50.0,0.8730081348853301,0.596297836938436,0.5736272878535774,0.5788269550748752,0.5925540765391015,0.5944259567387687
171,25.0,50.0,0.8730081348853301,0.7325291181364393,0.7052828618968386,0.7013311148086523,0.6957154742096506,0.6998752079866889
172,25.0,50.0,0.8730081348853301,0.45029118136439267,0.44841930116472545,0.4677620632279534,0.47275374376039936,0.4796173044925125
173,25.0,50.0,0.8730081348853301,0.5403494176372712,0.5368136439267887,0.5482529118136439,0.5553244592346089,0.5559484193011647
174,25.0,50.0,0.8730081348853301,0.5470049916805324,0.5099833610648918,0.5259983361064892,0.5257903494176372,0.5316139767054908
175,25.0,50.0,0.8730081348853301,0.6200083194675541,0.617928452579035,0.6301996672212978,0.6403910149750416,0.6505823627287853
176,25.0,50.0,0.8730081348853301,0.7527038269550749,0.7450083194675541,0.7441763727121464,0.7458402662229617,0.7387687188019967
177,25.0,50.0,0.8730081348853301,0.7225457570715474,0.6950915141430949,0.6894758735440932,0.6821963394342762,0.6755407653910149
178,25.0,50.0,0.8730081348853301,0.5043677204658902,0.5266222961730449,0.5409733777038269,0.5470049916805324,0.5501247920133111
179,25.0,50.0,0.8730081348853301,0.4488352745424293,0.4527870216306156,0.4650582362728785,0.47129783693843597,0.47296173044925127
180,25.0,50.0,0.8730081348853301,0.4769134775374376,0.4873128119800333,0.4970881863560732,0.507071547420965,0.5101913477537438
181,25.0,50.0,0.8730081348853301,0.5775790349417638,0.5482529118136439,0.5588602329450915,0.5563643926788685,0.5580282861896838
182,25.0,50.0,0.8730081348853301,0.697171381031614,0.7000831946755408,0.6967554076539102,0.7075707154742097,0.7061148086522463
183,25.0,50.0,0.8730081348853301,0.4893926788685524,0.495216306156406,0.5170549084858569,0.5314059900166389,0.535981697171381
184,25.0,50.0,0.8730081348853301,0.7672628951747088,0.7468801996672213,0.7323211314475874,0.7279534109816972,0.7244176372712147
185,25.0,50.0,0.8730081348853301,0.5727953410981698,0.5619800332778702,0.5771630615640599,0.579450915141431,0.5869384359400999
186,25.0,50.0,0.8730081348853301,0.6264559068219634,0.6123128119800333,0.6193843594009983,0.6287437603993344,0.634567387687188
187,25.0,50.0,0.8730081348853301,0.514351081530782,0.5349417637271214,0.555116472545757,0.5580282861896838,0.5653078202995009
188,25.0,50.0,0.8730081348853301,0.5405574043261231,0.512063227953411,0.5295341098169717,0.5299500831946755,0.5380615640599001
189,25.0,50.0,0.8730081348853301,0.5137271214642263,0.5195507487520798,0.5314059900166389,0.5380615640599001,0.538269550748752
190,25.0,50.0,0.8730081348853301,0.668261231281198,0.6611896838602329,0.6693011647254575,0.6736688851913477,0.6828202995008319
191,25.0,50.0,0.8730081348853301,0.5582362728785357,0.5420133111480865,0.5526206322795341,0.5588602329450915,0.5601081530782029
192,25.0,50.0,0.8730081348853301,0.5158069883527454,0.473585690515807,0.48044925124792015,0.490432612312812,0.4968801996672213
193,25.0,50.0,0.8730081348853301,0.42949251247920134,0.44363560732113144,0.4527870216306156,0.4629783693843594,0.4731697171381032
194,25.0,50.0,0.8730081348853301,0.6578618968386023,0.6512063227953411,0.6545341098169717,0.663269550748752,0.6624376039933444
195,25.0,50.0,0.8730081348853301,0.5987936772046589,0.5709234608985025,0.5759151414309485,0.5740432612312812,0.5727953410981698
196,25.0,50.0,0.8730081348853301,0.6004575707154742,0.5931780366056573,0.6004575707154742,0.6125207986688852,0.6141846921797005
197,25.0,50.0,0.8730081348853301,0.5276622296173045,0.5058236272878536,0.5103993344425957,0.5170549084858569,0.5235024958402662
198,25.0,50.0,0.8730081348853301,0.6495424292845258,0.6378951747088186,0.6391430948419301,0.6397670549084858,0.6368552412645591
199,25.0,50.0,0.8730081348853301,0.31572379367720466,0.3182196339434276,0.3348585690515807,0.34463394342762066,0.3512895174708819
200,25.0,50.0,0.8730081348853301,0.59130615640599,0.5902662229617305,0.5917221297836939,0.5971297836938436,0.6019134775374376
201,25.0,50.0,0.8730081348853301,0.6324875207986689,0.6252079866888519,0.6372712146422629,0.6455906821963394,0.646630615640599
202,25.0,50.0,0.8730081348853301,0.5850665557404326,0.5617720465890182,0.5601081530782029,0.5592762063227953,0.5611480865224625
203,25.0,50.0,0.8730081348853301,0.49480033277870217,0.48523294509151416,0.5,0.5106073211314476,0.5178868552412645
204,25.0,50.0,0.8730081348853301,0.6961314475873545,0.6772046589018302,0.684900166389351,0.6780366056572379,0.6749168053244592
205,25.0,50.0,0.8730081348853301,0.6724209650582362,0.6601497504159733,0.6641014975041597,0.6684692179700499,0.6665973377703827
206,25.0,50.0,0.8730081348853301,0.5777870216306157,0.552828618968386,0.5669717138103162,0.5640599001663894,0.5742512479201332
207,25.0,50.0,0.8730081348853301,0.5482529118136439,0.528910149750416,0.5472129783693843,0.5532445923460898,0.5569883527454242
208,25.0,50.0,0.8730081348853301,0.49916805324459235,0.48481697171381033,0.4950083194675541,0.5008319467554077,0.4981281198003328
209,25.0,50.0,0.8730081348853301,0.5110232945091514,0.5297420965058236,0.5611480865224625,0.559900166389351,0.5684276206322796
210,25.0,50.0,0.8730081348853301,0.6830282861896838,0.6717970049916805,0.6749168053244592,0.6709650582362728,0.668053244592346
211,25.0,50.0,0.8730081348853301,0.7551996672212978,0.7287853577371048,0.7098585690515807,0.7131863560732113,0.7021630615640599
212,25.0,50.0,0.8730081348853301,0.514351081530782,0.5210066555740432,0.5345257903494176,0.5374376039933444,0.5393094841930116
213,25.0,50.0,0.8730081348853301,0.6287437603993344,0.6133527454242929,0.6237520798668885,0.6260399334442596,0.6216722129783694
214,25.0,50.0,0.8730081348853301,0.32529118136439267,0.3939267886855241,0.31218801996672213,0.3891430948419301,0.38810316139767054
215,25.0,50.0,0.8730081348853301,0.42366888519134777,0.42949251247920134,0.45798668885191346,0.4631863560732113,0.46277038269550747
216,25.0,50.0,0.8730081348853301,0.3036605657237937,0.3042845257903494,0.30158069883527455,0.3042845257903494,0.31114808652246256
217,25.0,50.0,0.8730081348853301,0.6457986688851913,0.6329034941763727,0.6439267886855241,0.6464226289517471,0.6464226289517471
218,25.0,50.0,0.8730081348853301,0.451955074875208,0.46277038269550747,0.48648086522462564,0.49937603993344426,0.5147670549084858
219,25.0,50.0,0.8730081348853301,0.3878951747088186,0.38851913477537436,0.4047420965058236,0.41701331114808654,0.430324459234609
220,25.0,50.0,0.8730081348853301,0.7371048252911814,0.72608153078203,0.7262895174708819,0.7281613976705491,0.7256655574043261
221,25.0,50.0,0.8730081348853301,0.5530366056572379,0.5361896838602329,0.545549084858569,0.5534525790349417,0.5544925124792013
222,25.0,50.0,0.8730081348853301,0.5669717138103162,0.5443011647254575,0.5517886855241264,0.5519966722129783,0.5434692179700499
223,25.0,50.0,0.8730081348853301,0.4195091514143095,0.41722129783693845,0.4321963394342762,0.44696339434276205,0.45174708818635606
224,25.0,50.0,0.8730081348853301,0.7360648918469218,0.7321131447587355,0.7248336106489185,0.7233777038269551,0.7179700499168054
225,25.0,50.0,0.8730081348853301,0.34754575707154745,0.33881031613976703,0.36314475873544094,0.3720881863560732,0.37895174708818635
226,25.0,50.0,0.8730081348853301,0.5418053244592346,0.5449251247920133,0.5611480865224625,0.5632279534109818,0.5655158069883528
227,25.0,50.0,0.8730081348853301,0.45798668885191346,0.4825291181364393,0.49168053244592347,0.5014559068219634,0.5106073211314476
228,25.0,50.0,0.8730081348853301,0.5166389351081531,0.47441763727121466,0.48356905158069885,0.4906405990016639,0.4987520798668885
229,25.0,50.0,0.8730081348853301,0.3754159733777038,0.4097337770382696,0.4425956738768719,0.43427620632279534,0.43760399334442596
230,25.0,50.0,0.8730081348853301,0.4490432612312812,0.46277038269550747,0.47587354409317806,0.4918885191347754,0.502495840266223
231,25.0,50.0,0.8730081348853301,0.6869800332778702,0.673044925124792,0.6684692179700499,0.6643094841930116,0.665765391014975
232,25.0,50.0,0.8730081348853301,0.6591098169717138,0.6391430948419301,0.644134775374376,0.6472545757071547,0.6405990016638935
233,25.0,50.0,0.8730081348853301,0.6118968386023295,0.5948419301164726,0.5919301164725458,0.60108153078203,0.6073211314475874
234,25.0,50.0,0.8730081348853301,0.4891846921797005,0.5074875207986689,0.5297420965058236,0.5301580698835274,0.5397254575707154
235,25.0,50.0,0.8730081348853301,0.39143094841930115,0.39330282861896837,0.38976705490848584,0.38976705490848584,0.3887271214642263
236,25.0,50.0,0.8730081348853301,0.7383527454242929,0.721089850249584,0.7225457570715474,0.7194259567387687,0.7063227953410982
237,25.0,50.0,0.8730081348853301,0.25852745424292845,0.2801580698835274,0.2895174708818636,0.3762479201331115,0.3747920133111481
238,25.0,50.0,0.8730081348853301,0.4001663893510815,0.41368552412645593,0.44051580698835274,0.44197171381031614,0.45341098169717137
239,25.0,50.0,0.8730081348853301,0.45299500831946754,0.44862728785357736,0.459026622296173,0.47088186356073214,0.47254575707154745
240,25.0,50.0,0.8730081348853301,0.7676788685524126,0.7414725457570716,0.7292013311148087,0.7256655574043261,0.7146422628951747
241,25.0,50.0,0.8730081348853301,0.4473793677204659,0.4394758735440932,0.46089850249584025,0.46734608985024956,0.46630615640599
242,25.0,50.0,0.8730081348853301,0.49937603993344426,0.478369384359401,0.48856073211314477,0.49417637271214643,0.49792013311148087
243,25.0,50.0,0.8730081348853301,0.7710066555740432,0.7589434276206323,0.7558236272878536,0.7448003327787022,0.7402246256239601
244,25.0,50.0,0.8730081348853301,0.569883527454243,0.56738768718802,0.5725873544093179,0.5827787021630616,0.5850665557404326
245,25.0,50.0,0.8730081348853301,0.6116888519134775,0.598585690515807,0.605865224625624,0.6123128119800333,0.6148086522462562
246,25.0,50.0,0.8730081348853301,0.6368552412645591,0.622504159733777,0.627495840266223,0.6291597337770383,0.6362312811980033
247,25.0,50.0,0.8730081348853301,0.5014559068219634,0.34941763727121466,0.44342762063227953,0.44342762063227953,0.4677620632279534
248,25.0,50.0,0.8730081348853301,0.43406821963394343,0.4550748752079867,0.47254575707154745,0.4829450915141431,0.49459234608985025
249,25.0,50.0,0.8730081348853301,0.7000831946755408,0.6930116472545758,0.69238768718802,0.6950915141430949,0.6961314475873545
250,25.0,50.0,0.8730081348853301,0.30782029950083195,0.27558236272878534,0.37728785357737105,0.40391014975041595,0.40391014975041595
251,25.0,50.0,0.8730081348853301,0.5515806988352745,0.5372296173044925,0.5544925124792013,0.5605241264559068,0.5563643926788685
252,25.0,50.0,0.8730081348853301,0.531198003327787,0.5008319467554077,0.512063227953411,0.5189267886855241,0.5262063227953411
253,25.0,50.0,0.8730081348853301,0.5888103161397671,0.5663477537437605,0.579450915141431,0.5881863560732113,0.5861064891846922
254,25.0,50.0,0.8730081348853301,0.3448419301164726,0.34442595673876875,0.36772046589018303,0.3777038269550749,0.3799916805324459
255,25.0,50.0,0.8730081348853301,0.5378535773710482,0.5571963394342762,0.5684276206322796,0.5809068219633944,0.5813227953410982
256,25.0,50.0,0.8730081348853301,0.5351497504159733,0.5347337770382695,0.5488768718801996,0.5486688851913477,0.5499168053244592
257,25.0,50.0,0.8730081348853301,0.4584026622296173,0.45632279534109815,0.48336106489184694,0.4908485856905158,0.49105657237936773
258,25.0,50.0,0.8730081348853301,0.48169717138103163,0.48793677204658903,0.5079034941763727,0.5037437603993344,0.509567387687188
259,25.0,50.0,0.8730081348853301,0.6266638935108153,0.6071131447587355,0.612936772046589,0.6114808652246256,0.6075291181364393
260,25.0,50.0,0.8730081348853301,0.6464226289517471,0.6316555740432612,0.6414309484193012,0.6385191347753744,0.6420549084858569
261,25.0,50.0,0.8730081348853301,0.8327787021630616,0.8105241264559068,0.8013727121464226,0.7938851913477537,0.7824459234608985
262,25.0,50.0,0.8730081348853301,0.5183028286189684,0.5033277870216306,0.5097753743760399,0.5118552412645591,0.5124792013311148
263,25.0,50.0,0.8730081348853301,0.3194675540765391,0.38186356073211314,0.2699667221297837,0.38539933444259566,0.3402662229617304
264,25.0,50.0,0.8730081348853301,0.4937603993344426,0.5020798668885191,0.5185108153078203,0.5278702163061564,0.5299500831946755
265,25.0,50.0,0.8730081348853301,0.687396006655574,0.6836522462562395,0.6936356073211315,0.6892678868552413,0.6942595673876872
266,25.0,50.0,0.8730081348853301,0.5617720465890182,0.5405574043261231,0.555116472545757,0.5557404326123128,0.5569883527454242
267,25.0,50.0,0.8730081348853301,0.46069051580698833,0.4748336106489185,0.49937603993344426,0.5037437603993344,0.5139351081530782
268,25.0,50.0,0.8730081348853301,0.7366888519134775,0.7177620632279534,0.7154742096505824,0.7150582362728786,0.7061148086522463
269,25.0,50.0,0.8730081348853301,0.45944259567387685,0.46568219633943425,0.48544093178036607,0.490432612312812,0.49459234608985025
