,population,max_generations,combination_prob,mutation_prob,iteration,k1,k3,k5,k7,k9
1458,25.0,50.0,0.7,0.05,1.0,0.1836522462562396,0.17824459234608986,0.1836522462562396,0.1836522462562396,0.1836522462562396
1459,25.0,50.0,0.7,0.05,1.0,0.18552412645590682,0.18552412645590682,0.18552412645590682,0.18552412645590682,0.18552412645590682
1460,25.0,50.0,0.7,0.05,1.0,0.1836522462562396,0.17824459234608986,0.1836522462562396,0.1836522462562396,0.1836522462562396
1461,25.0,50.0,0.7,0.05,1.0,0.18552412645590682,0.18552412645590682,0.18552412645590682,0.18552412645590682,0.18552412645590682
1462,25.0,50.0,0.7,0.05,1.0,0.18552412645590682,0.18552412645590682,0.18552412645590682,0.18552412645590682,0.18552412645590682
1463,25.0,50.0,0.7,0.05,1.0,0.1836522462562396,0.17824459234608986,0.1836522462562396,0.1836522462562396,0.1836522462562396
1464,25.0,50.0,0.7,0.05,1.0,0.22483361064891846,0.2549916805324459,0.2608153078202995,0.2549916805324459,0.2549916805324459
1465,25.0,50.0,0.7,0.05,1.0,0.18552412645590682,0.18552412645590682,0.18552412645590682,0.18552412645590682,0.18552412645590682
1466,25.0,50.0,0.7,0.05,1.0,0.18552412645590682,0.18552412645590682,0.18552412645590682,0.18552412645590682,0.18552412645590682
1467,25.0,50.0,0.7,0.05,1.0,0.1836522462562396,0.17824459234608986,0.1836522462562396,0.1836522462562396,0.1836522462562396
1468,25.0,50.0,0.7,0.05,1.0,0.1836522462562396,0.17824459234608986,0.1836522462562396,0.1836522462562396,0.1836522462562396
1469,25.0,50.0,0.7,0.05,1.0,0.1836522462562396,0.17824459234608986,0.1836522462562396,0.1836522462562396,0.1836522462562396
1470,25.0,50.0,0.7,0.05,1.0,0.1836522462562396,0.17824459234608986,0.1836522462562396,0.1836522462562396,0.1836522462562396
1471,25.0,50.0,0.7,0.05,1.0,0.18552412645590682,0.18552412645590682,0.18552412645590682,0.18552412645590682,0.18552412645590682
1472,25.0,50.0,0.7,0.05,1.0,0.18552412645590682,0.18552412645590682,0.18552412645590682,0.18552412645590682,0.18552412645590682
1473,25.0,50.0,0.7,0.05,1.0,0.18552412645590682,0.18552412645590682,0.18552412645590682,0.18552412645590682,0.18552412645590682
1474,25.0,50.0,0.7,0.05,1.0,0.1836522462562396,0.17824459234608986,0.1836522462562396,0.1836522462562396,0.1836522462562396
1475,25.0,50.0,0.7,0.05,1.0,0.1836522462562396,0.17824459234608986,0.1836522462562396,0.1836522462562396,0.1836522462562396
1476,25.0,50.0,0.7,0.05,1.0,0.18552412645590682,0.18552412645590682,0.18552412645590682,0.18552412645590682,0.18552412645590682
1477,25.0,50.0,0.7,0.05,1.0,0.18552412645590682,0.18552412645590682,0.18552412645590682,0.18552412645590682,0.18552412645590682
1478,25.0,50.0,0.7,0.05,1.0,0.1836522462562396,0.17824459234608986,0.1836522462562396,0.1836522462562396,0.1836522462562396
1479,25.0,50.0,0.7,0.05,1.0,0.18552412645590682,0.18552412645590682,0.18552412645590682,0.18552412645590682,0.18552412645590682
1480,25.0,50.0,0.7,0.05,1.0,0.1836522462562396,0.17824459234608986,0.1836522462562396,0.1836522462562396,0.1836522462562396
1481,25.0,50.0,0.7,0.05,1.0,0.18552412645590682,0.18552412645590682,0.18552412645590682,0.18552412645590682,0.18552412645590682
1482,25.0,50.0,0.7,0.05,1.0,0.18552412645590682,0.18552412645590682,0.18552412645590682,0.18552412645590682,0.18552412645590682
1483,25.0,50.0,0.7,0.05,1.0,0.1836522462562396,0.17824459234608986,0.1836522462562396,0.1836522462562396,0.1836522462562396
1484,25.0,50.0,0.7,0.05,1.0,0.18552412645590682,0.18552412645590682,0.18552412645590682,0.18552412645590682,0.18552412645590682
1485,25.0,50.0,0.7,0.05,1.0,0.1836522462562396,0.17824459234608986,0.1836522462562396,0.1836522462562396,0.1836522462562396
1486,25.0,50.0,0.7,0.05,1.0,0.18552412645590682,0.18552412645590682,0.18552412645590682,0.18552412645590682,0.18552412645590682
1487,25.0,50.0,0.7,0.05,1.0,0.18552412645590682,0.18552412645590682,0.18552412645590682,0.18552412645590682,0.18552412645590682
1488,25.0,50.0,0.7,0.05,1.0,0.18552412645590682,0.18552412645590682,0.18552412645590682,0.18552412645590682,0.18552412645590682
1489,25.0,50.0,0.7,0.05,1.0,0.18552412645590682,0.18552412645590682,0.18552412645590682,0.18552412645590682,0.18552412645590682
1490,25.0,50.0,0.7,0.05,1.0,0.18552412645590682,0.18552412645590682,0.18552412645590682,0.18552412645590682,0.18552412645590682
1491,25.0,50.0,0.7,0.05,1.0,0.18552412645590682,0.18552412645590682,0.18552412645590682,0.18552412645590682,0.18552412645590682
1492,25.0,50.0,0.7,0.05,1.0,0.18552412645590682,0.18552412645590682,0.18552412645590682,0.18552412645590682,0.18552412645590682
1493,25.0,50.0,0.7,0.05,1.0,0.18552412645590682,0.18552412645590682,0.18552412645590682,0.18552412645590682,0.18552412645590682
1494,25.0,50.0,0.7,0.05,1.0,0.1836522462562396,0.17824459234608986,0.1836522462562396,0.1836522462562396,0.1836522462562396
1495,25.0,50.0,0.7,0.05,1.0,0.1836522462562396,0.17824459234608986,0.1836522462562396,0.1836522462562396,0.1836522462562396
1496,25.0,50.0,0.7,0.05,1.0,0.1836522462562396,0.17824459234608986,0.1836522462562396,0.1836522462562396,0.1836522462562396
1497,25.0,50.0,0.7,0.05,1.0,0.18552412645590682,0.18552412645590682,0.18552412645590682,0.18552412645590682,0.18552412645590682
1498,25.0,50.0,0.7,0.05,1.0,0.1836522462562396,0.17824459234608986,0.1836522462562396,0.1836522462562396,0.1836522462562396
1499,25.0,50.0,0.7,0.05,1.0,0.1836522462562396,0.17824459234608986,0.1836522462562396,0.1836522462562396,0.1836522462562396
1500,25.0,50.0,0.7,0.05,1.0,0.1836522462562396,0.17824459234608986,0.1836522462562396,0.1836522462562396,0.1836522462562396
1501,25.0,50.0,0.7,0.05,1.0,0.18552412645590682,0.18552412645590682,0.18552412645590682,0.18552412645590682,0.18552412645590682
1502,25.0,50.0,0.7,0.05,1.0,0.18552412645590682,0.18552412645590682,0.18552412645590682,0.18552412645590682,0.18552412645590682
1503,25.0,50.0,0.7,0.05,1.0,0.18552412645590682,0.18552412645590682,0.18552412645590682,0.18552412645590682,0.18552412645590682
1504,25.0,50.0,0.7,0.05,1.0,0.1836522462562396,0.17824459234608986,0.1836522462562396,0.1836522462562396,0.1836522462562396
1505,25.0,50.0,0.7,0.05,1.0,0.18552412645590682,0.18552412645590682,0.18552412645590682,0.18552412645590682,0.18552412645590682
1506,25.0,50.0,0.7,0.05,1.0,0.18552412645590682,0.18552412645590682,0.18552412645590682,0.18552412645590682,0.18552412645590682
1507,25.0,50.0,0.7,0.05,1.0,0.18552412645590682,0.18552412645590682,0.18552412645590682,0.18552412645590682,0.18552412645590682
1508,25.0,50.0,0.7,0.05,1.0,0.1836522462562396,0.17824459234608986,0.1836522462562396,0.1836522462562396,0.1836522462562396
1509,25.0,50.0,0.7,0.05,1.0,0.1836522462562396,0.17824459234608986,0.1836522462562396,0.1836522462562396,0.1836522462562396
1510,25.0,50.0,0.7,0.05,1.0,0.18552412645590682,0.18552412645590682,0.18552412645590682,0.18552412645590682,0.18552412645590682
1511,25.0,50.0,0.7,0.05,1.0,0.18552412645590682,0.18552412645590682,0.18552412645590682,0.18552412645590682,0.18552412645590682
1512,25.0,50.0,0.7,0.05,1.0,0.1836522462562396,0.17824459234608986,0.1836522462562396,0.1836522462562396,0.1836522462562396
1513,25.0,50.0,0.7,0.05,1.0,0.1836522462562396,0.17824459234608986,0.1836522462562396,0.1836522462562396,0.1836522462562396
1514,25.0,50.0,0.7,0.05,1.0,0.18552412645590682,0.18552412645590682,0.18552412645590682,0.18552412645590682,0.18552412645590682
1515,25.0,50.0,0.7,0.05,1.0,0.1836522462562396,0.17824459234608986,0.1836522462562396,0.1836522462562396,0.1836522462562396
1516,25.0,50.0,0.7,0.05,1.0,0.18552412645590682,0.18552412645590682,0.18552412645590682,0.18552412645590682,0.18552412645590682
1517,25.0,50.0,0.7,0.05,1.0,0.18552412645590682,0.18552412645590682,0.18552412645590682,0.18552412645590682,0.18552412645590682
1518,25.0,50.0,0.7,0.05,1.0,0.1836522462562396,0.17824459234608986,0.1836522462562396,0.1836522462562396,0.1836522462562396
1519,25.0,50.0,0.7,0.05,1.0,0.18552412645590682,0.18552412645590682,0.18552412645590682,0.18552412645590682,0.18552412645590682
1520,25.0,50.0,0.7,0.05,1.0,0.1836522462562396,0.17824459234608986,0.1836522462562396,0.1836522462562396,0.1836522462562396
1521,25.0,50.0,0.7,0.05,1.0,0.1836522462562396,0.17824459234608986,0.1836522462562396,0.1836522462562396,0.1836522462562396
1522,25.0,50.0,0.7,0.05,1.0,0.1836522462562396,0.17824459234608986,0.1836522462562396,0.1836522462562396,0.1836522462562396
1523,25.0,50.0,0.7,0.05,1.0,0.1836522462562396,0.17824459234608986,0.1836522462562396,0.1836522462562396,0.1836522462562396
1524,25.0,50.0,0.7,0.05,1.0,0.1836522462562396,0.17824459234608986,0.1836522462562396,0.1836522462562396,0.1836522462562396
1525,25.0,50.0,0.7,0.05,1.0,0.18552412645590682,0.18552412645590682,0.18552412645590682,0.18552412645590682,0.18552412645590682
1526,25.0,50.0,0.7,0.05,1.0,0.1836522462562396,0.17824459234608986,0.1836522462562396,0.1836522462562396,0.1836522462562396
1527,25.0,50.0,0.7,0.05,1.0,0.1836522462562396,0.17824459234608986,0.1836522462562396,0.1836522462562396,0.1836522462562396
1528,25.0,50.0,0.7,0.05,1.0,0.18552412645590682,0.18552412645590682,0.18552412645590682,0.18552412645590682,0.18552412645590682
1529,25.0,50.0,0.7,0.05,1.0,0.1836522462562396,0.17824459234608986,0.1836522462562396,0.1836522462562396,0.1836522462562396
1530,25.0,50.0,0.7,0.05,1.0,0.1836522462562396,0.17824459234608986,0.1836522462562396,0.1836522462562396,0.1836522462562396
1531,25.0,50.0,0.7,0.05,1.0,0.18552412645590682,0.18552412645590682,0.18552412645590682,0.18552412645590682,0.18552412645590682
1532,25.0,50.0,0.7,0.05,1.0,0.18552412645590682,0.18552412645590682,0.18552412645590682,0.18552412645590682,0.18552412645590682
1533,25.0,50.0,0.7,0.05,1.0,0.1836522462562396,0.17824459234608986,0.1836522462562396,0.1836522462562396,0.1836522462562396
1534,25.0,50.0,0.7,0.05,1.0,0.18552412645590682,0.18552412645590682,0.18552412645590682,0.18552412645590682,0.18552412645590682
1535,25.0,50.0,0.7,0.05,1.0,0.18552412645590682,0.18552412645590682,0.18552412645590682,0.18552412645590682,0.18552412645590682
1536,25.0,50.0,0.7,0.05,1.0,0.18552412645590682,0.18552412645590682,0.18552412645590682,0.18552412645590682,0.18552412645590682
1537,25.0,50.0,0.7,0.05,1.0,0.1836522462562396,0.17824459234608986,0.1836522462562396,0.1836522462562396,0.1836522462562396
1538,25.0,50.0,0.7,0.05,1.0,0.1836522462562396,0.17824459234608986,0.1836522462562396,0.1836522462562396,0.1836522462562396
1539,25.0,50.0,0.7,0.05,1.0,0.1836522462562396,0.17824459234608986,0.1836522462562396,0.1836522462562396,0.1836522462562396
1540,25.0,50.0,0.7,0.05,1.0,0.18552412645590682,0.18552412645590682,0.18552412645590682,0.18552412645590682,0.18552412645590682
1541,25.0,50.0,0.7,0.05,1.0,0.1836522462562396,0.17824459234608986,0.1836522462562396,0.1836522462562396,0.1836522462562396
1542,25.0,50.0,0.7,0.05,1.0,0.1836522462562396,0.17824459234608986,0.1836522462562396,0.1836522462562396,0.1836522462562396
1543,25.0,50.0,0.7,0.05,1.0,0.1836522462562396,0.17824459234608986,0.1836522462562396,0.1836522462562396,0.1836522462562396
1544,25.0,50.0,0.7,0.05,1.0,0.1836522462562396,0.17824459234608986,0.1836522462562396,0.1836522462562396,0.1836522462562396
1545,25.0,50.0,0.7,0.05,1.0,0.18552412645590682,0.18552412645590682,0.18552412645590682,0.18552412645590682,0.18552412645590682
1546,25.0,50.0,0.7,0.05,1.0,0.18552412645590682,0.18552412645590682,0.18552412645590682,0.18552412645590682,0.18552412645590682
1547,25.0,50.0,0.7,0.05,1.0,0.18552412645590682,0.18552412645590682,0.18552412645590682,0.18552412645590682,0.18552412645590682
1548,25.0,50.0,0.7,0.05,1.0,0.18552412645590682,0.18552412645590682,0.18552412645590682,0.18552412645590682,0.18552412645590682
1549,25.0,50.0,0.7,0.05,1.0,0.1836522462562396,0.17824459234608986,0.1836522462562396,0.1836522462562396,0.1836522462562396
1550,25.0,50.0,0.7,0.05,1.0,0.22483361064891846,0.2549916805324459,0.2608153078202995,0.2549916805324459,0.2549916805324459
1551,25.0,50.0,0.7,0.05,1.0,0.21693011647254576,0.29554908485856907,0.29554908485856907,0.29554908485856907,0.29554908485856907
1552,25.0,50.0,0.7,0.05,1.0,0.18552412645590682,0.18552412645590682,0.18552412645590682,0.18552412645590682,0.18552412645590682
1553,25.0,50.0,0.7,0.05,1.0,0.18552412645590682,0.18552412645590682,0.18552412645590682,0.18552412645590682,0.18552412645590682
1554,25.0,50.0,0.7,0.05,1.0,0.18552412645590682,0.18552412645590682,0.18552412645590682,0.18552412645590682,0.18552412645590682
1555,25.0,50.0,0.7,0.05,1.0,0.1836522462562396,0.17824459234608986,0.1836522462562396,0.1836522462562396,0.1836522462562396
1556,25.0,50.0,0.7,0.05,1.0,0.22483361064891846,0.2549916805324459,0.2608153078202995,0.2549916805324459,0.2549916805324459
1557,25.0,50.0,0.7,0.05,1.0,0.22628951747088186,0.22628951747088186,0.22628951747088186,0.22628951747088186,0.22628951747088186
1558,25.0,50.0,0.7,0.05,1.0,0.18552412645590682,0.18552412645590682,0.18552412645590682,0.18552412645590682,0.18552412645590682
1559,25.0,50.0,0.7,0.05,1.0,0.18552412645590682,0.18552412645590682,0.18552412645590682,0.18552412645590682,0.18552412645590682
1560,25.0,50.0,0.7,0.05,1.0,0.1836522462562396,0.17824459234608986,0.1836522462562396,0.1836522462562396,0.1836522462562396
1561,25.0,50.0,0.7,0.05,1.0,0.18552412645590682,0.18552412645590682,0.18552412645590682,0.18552412645590682,0.18552412645590682
1562,25.0,50.0,0.7,0.05,1.0,0.18552412645590682,0.18552412645590682,0.18552412645590682,0.18552412645590682,0.18552412645590682
1563,25.0,50.0,0.7,0.05,1.0,0.18552412645590682,0.18552412645590682,0.18552412645590682,0.18552412645590682,0.18552412645590682
1564,25.0,50.0,0.7,0.05,1.0,0.18552412645590682,0.18552412645590682,0.18552412645590682,0.18552412645590682,0.18552412645590682
1565,25.0,50.0,0.7,0.05,1.0,0.1836522462562396,0.17824459234608986,0.1836522462562396,0.1836522462562396,0.1836522462562396
1566,25.0,50.0,0.7,0.05,1.0,0.18552412645590682,0.18552412645590682,0.18552412645590682,0.18552412645590682,0.18552412645590682
1567,25.0,50.0,0.7,0.05,1.0,0.18552412645590682,0.18552412645590682,0.18552412645590682,0.18552412645590682,0.18552412645590682
1568,25.0,50.0,0.7,0.05,1.0,0.1836522462562396,0.17824459234608986,0.1836522462562396,0.1836522462562396,0.1836522462562396
1569,25.0,50.0,0.7,0.05,1.0,0.18552412645590682,0.18552412645590682,0.18552412645590682,0.18552412645590682,0.18552412645590682
1570,25.0,50.0,0.7,0.05,1.0,0.18552412645590682,0.18552412645590682,0.18552412645590682,0.18552412645590682,0.18552412645590682
1571,25.0,50.0,0.7,0.05,1.0,0.1836522462562396,0.17824459234608986,0.1836522462562396,0.1836522462562396,0.1836522462562396
1572,25.0,50.0,0.7,0.05,1.0,0.18552412645590682,0.18552412645590682,0.18552412645590682,0.18552412645590682,0.18552412645590682
1573,25.0,50.0,0.7,0.05,1.0,0.1836522462562396,0.17824459234608986,0.1836522462562396,0.1836522462562396,0.1836522462562396
1574,25.0,50.0,0.7,0.05,1.0,0.1836522462562396,0.17824459234608986,0.1836522462562396,0.1836522462562396,0.1836522462562396
1575,25.0,50.0,0.7,0.05,1.0,0.18552412645590682,0.18552412645590682,0.18552412645590682,0.18552412645590682,0.18552412645590682
1576,25.0,50.0,0.7,0.05,1.0,0.18552412645590682,0.18552412645590682,0.18552412645590682,0.18552412645590682,0.18552412645590682
1577,25.0,50.0,0.7,0.05,1.0,0.1836522462562396,0.17824459234608986,0.1836522462562396,0.1836522462562396,0.1836522462562396
1578,25.0,50.0,0.7,0.05,1.0,0.18552412645590682,0.18552412645590682,0.18552412645590682,0.18552412645590682,0.18552412645590682
1579,25.0,50.0,0.7,0.05,1.0,0.1836522462562396,0.17824459234608986,0.1836522462562396,0.1836522462562396,0.1836522462562396
1580,25.0,50.0,0.7,0.05,1.0,0.1836522462562396,0.17824459234608986,0.1836522462562396,0.1836522462562396,0.1836522462562396
1581,25.0,50.0,0.7,0.05,1.0,0.18552412645590682,0.18552412645590682,0.18552412645590682,0.18552412645590682,0.18552412645590682
1582,25.0,50.0,0.7,0.05,1.0,0.18552412645590682,0.18552412645590682,0.18552412645590682,0.18552412645590682,0.18552412645590682
1583,25.0,50.0,0.7,0.05,1.0,0.1836522462562396,0.17824459234608986,0.1836522462562396,0.1836522462562396,0.1836522462562396
1584,25.0,50.0,0.7,0.05,1.0,0.18552412645590682,0.18552412645590682,0.18552412645590682,0.18552412645590682,0.18552412645590682
1585,25.0,50.0,0.7,0.05,1.0,0.18552412645590682,0.18552412645590682,0.18552412645590682,0.18552412645590682,0.18552412645590682
1586,25.0,50.0,0.7,0.05,1.0,0.18552412645590682,0.18552412645590682,0.18552412645590682,0.18552412645590682,0.18552412645590682
1587,25.0,50.0,0.7,0.05,1.0,0.18552412645590682,0.18552412645590682,0.18552412645590682,0.18552412645590682,0.18552412645590682
1588,25.0,50.0,0.7,0.05,1.0,0.18552412645590682,0.18552412645590682,0.18552412645590682,0.18552412645590682,0.18552412645590682
1589,25.0,50.0,0.7,0.05,1.0,0.1836522462562396,0.17824459234608986,0.1836522462562396,0.1836522462562396,0.1836522462562396
1590,25.0,50.0,0.7,0.05,1.0,0.18552412645590682,0.18552412645590682,0.18552412645590682,0.18552412645590682,0.18552412645590682
1591,25.0,50.0,0.7,0.05,1.0,0.18552412645590682,0.18552412645590682,0.18552412645590682,0.18552412645590682,0.18552412645590682
1592,25.0,50.0,0.7,0.05,1.0,0.1836522462562396,0.17824459234608986,0.1836522462562396,0.1836522462562396,0.1836522462562396
1593,25.0,50.0,0.7,0.05,1.0,0.1836522462562396,0.17824459234608986,0.1836522462562396,0.1836522462562396,0.1836522462562396
1594,25.0,50.0,0.7,0.05,1.0,0.1836522462562396,0.17824459234608986,0.1836522462562396,0.1836522462562396,0.1836522462562396
1595,25.0,50.0,0.7,0.05,1.0,0.18552412645590682,0.18552412645590682,0.18552412645590682,0.18552412645590682,0.18552412645590682
1596,25.0,50.0,0.7,0.05,1.0,0.1836522462562396,0.17824459234608986,0.1836522462562396,0.1836522462562396,0.1836522462562396
1597,25.0,50.0,0.7,0.05,1.0,0.1836522462562396,0.17824459234608986,0.1836522462562396,0.1836522462562396,0.1836522462562396
1598,25.0,50.0,0.7,0.05,1.0,0.1836522462562396,0.17824459234608986,0.1836522462562396,0.1836522462562396,0.1836522462562396
1599,25.0,50.0,0.7,0.05,1.0,0.18552412645590682,0.18552412645590682,0.18552412645590682,0.18552412645590682,0.18552412645590682
1600,25.0,50.0,0.7,0.05,1.0,0.18552412645590682,0.18552412645590682,0.18552412645590682,0.18552412645590682,0.18552412645590682
1601,25.0,50.0,0.7,0.05,1.0,0.18552412645590682,0.18552412645590682,0.18552412645590682,0.18552412645590682,0.18552412645590682
1602,25.0,50.0,0.7,0.05,1.0,0.1836522462562396,0.17824459234608986,0.1836522462562396,0.1836522462562396,0.1836522462562396
1603,25.0,50.0,0.7,0.05,1.0,0.18552412645590682,0.18552412645590682,0.18552412645590682,0.18552412645590682,0.18552412645590682
1604,25.0,50.0,0.7,0.05,1.0,0.1836522462562396,0.17824459234608986,0.1836522462562396,0.1836522462562396,0.1836522462562396
1605,25.0,50.0,0.7,0.05,1.0,0.18552412645590682,0.18552412645590682,0.18552412645590682,0.18552412645590682,0.18552412645590682
1606,25.0,50.0,0.7,0.05,1.0,0.18552412645590682,0.18552412645590682,0.18552412645590682,0.18552412645590682,0.18552412645590682
1607,25.0,50.0,0.7,0.05,1.0,0.1836522462562396,0.17824459234608986,0.1836522462562396,0.1836522462562396,0.1836522462562396
1608,25.0,50.0,0.7,0.05,1.0,0.1836522462562396,0.17824459234608986,0.1836522462562396,0.1836522462562396,0.1836522462562396
1609,25.0,50.0,0.7,0.05,1.0,0.18552412645590682,0.18552412645590682,0.18552412645590682,0.18552412645590682,0.18552412645590682
1610,25.0,50.0,0.7,0.05,1.0,0.18552412645590682,0.18552412645590682,0.18552412645590682,0.18552412645590682,0.18552412645590682
1611,25.0,50.0,0.7,0.05,1.0,0.18552412645590682,0.18552412645590682,0.18552412645590682,0.18552412645590682,0.18552412645590682
1612,25.0,50.0,0.7,0.05,1.0,0.18552412645590682,0.18552412645590682,0.18552412645590682,0.18552412645590682,0.18552412645590682
1613,25.0,50.0,0.7,0.05,1.0,0.18552412645590682,0.18552412645590682,0.18552412645590682,0.18552412645590682,0.18552412645590682
1614,25.0,50.0,0.7,0.05,1.0,0.18552412645590682,0.18552412645590682,0.18552412645590682,0.18552412645590682,0.18552412645590682
1615,25.0,50.0,0.7,0.05,1.0,0.18552412645590682,0.18552412645590682,0.18552412645590682,0.18552412645590682,0.18552412645590682
1616,25.0,50.0,0.7,0.05,1.0,0.18552412645590682,0.18552412645590682,0.18552412645590682,0.18552412645590682,0.18552412645590682
1617,25.0,50.0,0.7,0.05,1.0,0.18552412645590682,0.18552412645590682,0.18552412645590682,0.18552412645590682,0.18552412645590682
1618,25.0,50.0,0.7,0.05,1.0,0.18552412645590682,0.18552412645590682,0.18552412645590682,0.18552412645590682,0.18552412645590682
1619,25.0,50.0,0.7,0.05,1.0,0.1836522462562396,0.17824459234608986,0.1836522462562396,0.1836522462562396,0.1836522462562396
1620,25.0,50.0,0.7,0.05,1.0,0.38207154742096505,0.3949667221297837,0.4145174708818636,0.420757071547421,0.4288685524126456
1621,25.0,50.0,0.7,0.05,1.0,0.3273710482529118,0.33153078202995007,0.34359400998336104,0.3544093178036606,0.3577371048252912
1622,25.0,50.0,0.7,0.05,1.0,0.3198835274542429,0.3084442595673877,0.3084442595673877,0.3115640599001664,0.31426788685524126
1623,25.0,50.0,0.7,0.05,1.0,0.3860232945091514,0.3209234608985025,0.3410981697171381,0.3410981697171381,0.343801996672213
1624,25.0,50.0,0.7,0.05,1.0,0.28265391014975044,0.28265391014975044,0.28265391014975044,0.28265391014975044,0.28265391014975044
1625,25.0,50.0,0.7,0.05,1.0,0.3213394342762063,0.31114808652246256,0.31114808652246256,0.31114808652246256,0.32799500831946754
1626,25.0,50.0,0.7,0.05,1.0,0.30657237936772047,0.30906821963394343,0.30657237936772047,0.30657237936772047,0.30657237936772047
1627,25.0,50.0,0.7,0.05,1.0,0.18594009983361065,0.31697171381031614,0.2316971713810316,0.2316971713810316,0.31114808652246256
1628,25.0,50.0,0.7,0.05,1.0,0.28265391014975044,0.28265391014975044,0.28265391014975044,0.28265391014975044,0.28265391014975044
1629,25.0,50.0,0.7,0.05,1.0,0.27267054908485855,0.26767886855241263,0.26767886855241263,0.26643094841930115,0.3136439267886855
1630,25.0,50.0,0.7,0.05,1.0,0.2990848585690516,0.3036605657237937,0.32321131447587353,0.3209234608985025,0.3261231281198003
1631,25.0,50.0,0.7,0.05,1.0,0.3198835274542429,0.3084442595673877,0.3084442595673877,0.3115640599001664,0.31426788685524126
1632,25.0,50.0,0.7,0.05,1.0,0.28265391014975044,0.28265391014975044,0.28265391014975044,0.28265391014975044,0.28265391014975044
1633,25.0,50.0,0.7,0.05,1.0,0.28265391014975044,0.28265391014975044,0.28265391014975044,0.28265391014975044,0.28265391014975044
1634,25.0,50.0,0.7,0.05,1.0,0.266846921797005,0.266846921797005,0.24771214642262895,0.266846921797005,0.266846921797005
1635,25.0,50.0,0.7,0.05,1.0,0.36501663893510816,0.32820299500831945,0.2995008319467554,0.336522462562396,0.34608985024958405
1636,25.0,50.0,0.7,0.05,1.0,0.21630615640599002,0.21630615640599002,0.21630615640599002,0.21630615640599002,0.24563227953410982
1637,25.0,50.0,0.7,0.05,1.0,0.22483361064891846,0.2549916805324459,0.2608153078202995,0.2549916805324459,0.2549916805324459
1638,25.0,50.0,0.7,0.05,1.0,0.14288685524126457,0.2485440931780366,0.23107321131447586,0.2502079866888519,0.2502079866888519
1639,25.0,50.0,0.7,0.05,1.0,0.35420133111480867,0.3683444259567388,0.38352745424292845,0.3891430948419301,0.3887271214642263
1640,25.0,50.0,0.7,0.05,1.0,0.266846921797005,0.266846921797005,0.24771214642262895,0.266846921797005,0.266846921797005
1641,25.0,50.0,0.7,0.05,1.0,0.3198835274542429,0.3084442595673877,0.3084442595673877,0.3115640599001664,0.31426788685524126
1642,25.0,50.0,0.7,0.05,1.0,0.2221297836938436,0.2190099833610649,0.2190099833610649,0.2190099833610649,0.3069883527454243
1643,25.0,50.0,0.7,0.05,1.0,0.18594009983361065,0.31697171381031614,0.2316971713810316,0.2316971713810316,0.31114808652246256
1644,25.0,50.0,0.7,0.05,1.0,0.22483361064891846,0.2221297836938436,0.3011647254575707,0.3011647254575707,0.3011647254575707
1645,25.0,50.0,0.7,0.05,1.0,0.38207154742096505,0.3949667221297837,0.4145174708818636,0.420757071547421,0.4288685524126456
1646,25.0,50.0,0.7,0.05,1.0,0.3055324459234609,0.24188851913477538,0.30948419301164726,0.34193011647254573,0.34775374376039936
1647,25.0,50.0,0.7,0.05,1.0,0.21630615640599002,0.2375207986688852,0.31738768718801996,0.32487520798668884,0.3207154742096506
1648,25.0,50.0,0.7,0.05,1.0,0.21630615640599002,0.2375207986688852,0.31738768718801996,0.32487520798668884,0.3207154742096506
1649,25.0,50.0,0.7,0.05,1.0,0.266846921797005,0.266846921797005,0.24771214642262895,0.266846921797005,0.266846921797005
1650,25.0,50.0,0.7,0.05,1.0,0.28265391014975044,0.28265391014975044,0.28265391014975044,0.28265391014975044,0.28265391014975044
1651,25.0,50.0,0.7,0.05,1.0,0.22628951747088186,0.22628951747088186,0.22628951747088186,0.22628951747088186,0.22628951747088186
1652,25.0,50.0,0.7,0.05,1.0,0.21630615640599002,0.21630615640599002,0.21630615640599002,0.21630615640599002,0.24563227953410982
1653,25.0,50.0,0.7,0.05,1.0,0.18552412645590682,0.18552412645590682,0.18552412645590682,0.18552412645590682,0.18552412645590682
1654,25.0,50.0,0.7,0.05,1.0,0.22628951747088186,0.22628951747088186,0.22628951747088186,0.22628951747088186,0.22628951747088186
1655,25.0,50.0,0.7,0.05,1.0,0.28265391014975044,0.28265391014975044,0.28265391014975044,0.28265391014975044,0.28265391014975044
1656,25.0,50.0,0.7,0.05,1.0,0.22483361064891846,0.2549916805324459,0.2608153078202995,0.2549916805324459,0.2549916805324459
1657,25.0,50.0,0.7,0.05,1.0,0.3354825291181364,0.32529118136439267,0.32529118136439267,0.32529118136439267,0.3381863560732113
1658,25.0,50.0,0.7,0.05,1.0,0.2021630615640599,0.23835274542429286,0.24417637271214643,0.23835274542429286,0.2949251247920133
1659,25.0,50.0,0.7,0.05,1.0,0.18552412645590682,0.18552412645590682,0.18552412645590682,0.18552412645590682,0.18552412645590682
1660,25.0,50.0,0.7,0.05,1.0,0.1836522462562396,0.17824459234608986,0.1836522462562396,0.1836522462562396,0.1836522462562396
1661,25.0,50.0,0.7,0.05,1.0,0.21630615640599002,0.2949251247920133,0.2949251247920133,0.2949251247920133,0.2949251247920133
1662,25.0,50.0,0.7,0.05,1.0,0.2021630615640599,0.23835274542429286,0.24417637271214643,0.23835274542429286,0.2949251247920133
1663,25.0,50.0,0.7,0.05,1.0,0.1836522462562396,0.17824459234608986,0.1836522462562396,0.1836522462562396,0.1836522462562396
1664,25.0,50.0,0.7,0.05,1.0,0.18552412645590682,0.18552412645590682,0.18552412645590682,0.18552412645590682,0.18552412645590682
1665,25.0,50.0,0.7,0.05,1.0,0.18552412645590682,0.18552412645590682,0.18552412645590682,0.18552412645590682,0.18552412645590682
1666,25.0,50.0,0.7,0.05,1.0,0.18552412645590682,0.18552412645590682,0.18552412645590682,0.18552412645590682,0.18552412645590682
1667,25.0,50.0,0.7,0.05,1.0,0.28265391014975044,0.28265391014975044,0.28265391014975044,0.28265391014975044,0.28265391014975044
1668,25.0,50.0,0.7,0.05,1.0,0.22628951747088186,0.22628951747088186,0.22628951747088186,0.22628951747088186,0.22628951747088186
1669,25.0,50.0,0.7,0.05,1.0,0.24958402662229617,0.26185524126455906,0.3354825291181364,0.3354825291181364,0.3381863560732113
1670,25.0,50.0,0.7,0.05,1.0,0.18552412645590682,0.18552412645590682,0.18552412645590682,0.18552412645590682,0.18552412645590682
1671,25.0,50.0,0.7,0.05,1.0,0.22483361064891846,0.2549916805324459,0.2608153078202995,0.2549916805324459,0.2549916805324459
1672,25.0,50.0,0.7,0.05,1.0,0.28265391014975044,0.28265391014975044,0.28265391014975044,0.28265391014975044,0.28265391014975044
1673,25.0,50.0,0.7,0.05,1.0,0.18552412645590682,0.18552412645590682,0.18552412645590682,0.18552412645590682,0.18552412645590682
1674,25.0,50.0,0.7,0.05,1.0,0.1836522462562396,0.17824459234608986,0.1836522462562396,0.1836522462562396,0.1836522462562396
1675,25.0,50.0,0.7,0.05,1.0,0.22628951747088186,0.22628951747088186,0.22628951747088186,0.22628951747088186,0.22628951747088186
1676,25.0,50.0,0.7,0.05,1.0,0.22628951747088186,0.22628951747088186,0.22628951747088186,0.22628951747088186,0.22628951747088186
1677,25.0,50.0,0.7,0.05,1.0,0.22628951747088186,0.22628951747088186,0.22628951747088186,0.22628951747088186,0.22628951747088186
1678,25.0,50.0,0.7,0.05,1.0,0.18552412645590682,0.18552412645590682,0.18552412645590682,0.18552412645590682,0.18552412645590682
1679,25.0,50.0,0.7,0.05,1.0,0.21048252911813645,0.31697171381031614,0.21256239600665558,0.3167637271214642,0.31697171381031614
1680,25.0,50.0,0.7,0.05,1.0,0.1836522462562396,0.17824459234608986,0.1836522462562396,0.1836522462562396,0.1836522462562396
1681,25.0,50.0,0.7,0.05,1.0,0.22483361064891846,0.2549916805324459,0.2608153078202995,0.2549916805324459,0.2549916805324459
1682,25.0,50.0,0.7,0.05,1.0,0.18552412645590682,0.18552412645590682,0.18552412645590682,0.18552412645590682,0.18552412645590682
1683,25.0,50.0,0.7,0.05,1.0,0.22628951747088186,0.22628951747088186,0.22628951747088186,0.22628951747088186,0.22628951747088186
1684,25.0,50.0,0.7,0.05,1.0,0.18552412645590682,0.18552412645590682,0.18552412645590682,0.18552412645590682,0.18552412645590682
1685,25.0,50.0,0.7,0.05,1.0,0.18552412645590682,0.18552412645590682,0.18552412645590682,0.18552412645590682,0.18552412645590682
1686,25.0,50.0,0.7,0.05,1.0,0.1836522462562396,0.17824459234608986,0.1836522462562396,0.1836522462562396,0.1836522462562396
1687,25.0,50.0,0.7,0.05,1.0,0.1836522462562396,0.17824459234608986,0.1836522462562396,0.1836522462562396,0.1836522462562396
1688,25.0,50.0,0.7,0.05,1.0,0.18552412645590682,0.18552412645590682,0.18552412645590682,0.18552412645590682,0.18552412645590682
1689,25.0,50.0,0.7,0.05,1.0,0.18552412645590682,0.18552412645590682,0.18552412645590682,0.18552412645590682,0.18552412645590682
1690,25.0,50.0,0.7,0.05,1.0,0.18552412645590682,0.18552412645590682,0.18552412645590682,0.18552412645590682,0.18552412645590682
1691,25.0,50.0,0.7,0.05,1.0,0.18552412645590682,0.18552412645590682,0.18552412645590682,0.18552412645590682,0.18552412645590682
1692,25.0,50.0,0.7,0.05,1.0,0.18552412645590682,0.18552412645590682,0.18552412645590682,0.18552412645590682,0.18552412645590682
1693,25.0,50.0,0.7,0.05,1.0,0.18552412645590682,0.18552412645590682,0.18552412645590682,0.18552412645590682,0.18552412645590682
1694,25.0,50.0,0.7,0.05,1.0,0.28265391014975044,0.28265391014975044,0.28265391014975044,0.28265391014975044,0.28265391014975044
1695,25.0,50.0,0.7,0.05,1.0,0.22628951747088186,0.22628951747088186,0.22628951747088186,0.22628951747088186,0.22628951747088186
1696,25.0,50.0,0.7,0.05,1.0,0.1836522462562396,0.17824459234608986,0.1836522462562396,0.1836522462562396,0.1836522462562396
1697,25.0,50.0,0.7,0.05,1.0,0.18552412645590682,0.18552412645590682,0.18552412645590682,0.18552412645590682,0.18552412645590682
1698,25.0,50.0,0.7,0.05,1.0,0.18552412645590682,0.18552412645590682,0.18552412645590682,0.18552412645590682,0.18552412645590682
1699,25.0,50.0,0.7,0.05,1.0,0.18552412645590682,0.18552412645590682,0.18552412645590682,0.18552412645590682,0.18552412645590682
1700,25.0,50.0,0.7,0.05,1.0,0.18552412645590682,0.18552412645590682,0.18552412645590682,0.18552412645590682,0.18552412645590682
1701,25.0,50.0,0.7,0.05,1.0,0.1836522462562396,0.17824459234608986,0.1836522462562396,0.1836522462562396,0.1836522462562396
1702,25.0,50.0,0.7,0.05,1.0,0.1836522462562396,0.17824459234608986,0.1836522462562396,0.1836522462562396,0.1836522462562396
1703,25.0,50.0,0.7,0.05,1.0,0.18552412645590682,0.18552412645590682,0.18552412645590682,0.18552412645590682,0.18552412645590682
1704,25.0,50.0,0.7,0.05,1.0,0.1836522462562396,0.17824459234608986,0.1836522462562396,0.1836522462562396,0.1836522462562396
1705,25.0,50.0,0.7,0.05,1.0,0.28265391014975044,0.28265391014975044,0.28265391014975044,0.28265391014975044,0.28265391014975044
1706,25.0,50.0,0.7,0.05,1.0,0.18552412645590682,0.18552412645590682,0.18552412645590682,0.18552412645590682,0.18552412645590682
1707,25.0,50.0,0.7,0.05,1.0,0.18552412645590682,0.18552412645590682,0.18552412645590682,0.18552412645590682,0.18552412645590682
1708,25.0,50.0,0.7,0.05,1.0,0.18552412645590682,0.18552412645590682,0.18552412645590682,0.18552412645590682,0.18552412645590682
1709,25.0,50.0,0.7,0.05,1.0,0.18552412645590682,0.18552412645590682,0.18552412645590682,0.18552412645590682,0.18552412645590682
1710,25.0,50.0,0.7,0.05,1.0,0.31530782029950083,0.3178036605657238,0.32487520798668884,0.33777038269550747,0.3367304492512479
1711,25.0,50.0,0.7,0.05,1.0,0.3194675540765391,0.30449251247920134,0.30449251247920134,0.30449251247920134,0.30449251247920134
1712,25.0,50.0,0.7,0.05,1.0,0.28265391014975044,0.28265391014975044,0.28265391014975044,0.28265391014975044,0.28265391014975044
1713,25.0,50.0,0.7,0.05,1.0,0.22628951747088186,0.22628951747088186,0.22628951747088186,0.22628951747088186,0.22628951747088186
1714,25.0,50.0,0.7,0.05,1.0,0.21963394342762063,0.2437603993344426,0.34068219633943425,0.34068219633943425,0.34068219633943425
1715,25.0,50.0,0.7,0.05,1.0,0.3007487520798669,0.3007487520798669,0.300540765391015,0.300540765391015,0.3042845257903494
1716,25.0,50.0,0.7,0.05,1.0,0.34588186356073214,0.33735440931780364,0.2801580698835274,0.35690515806988354,0.35669717138103163
1717,25.0,50.0,0.7,0.05,1.0,0.3454658901830283,0.32799500831946754,0.3643926788685524,0.36335274542429286,0.324459234608985
1718,25.0,50.0,0.7,0.05,1.0,0.28265391014975044,0.28265391014975044,0.28265391014975044,0.28265391014975044,0.28265391014975044
1719,25.0,50.0,0.7,0.05,1.0,0.24604825291181365,0.23835274542429286,0.3379783693843594,0.3427620632279534,0.3427620632279534
1720,25.0,50.0,0.7,0.05,1.0,0.2021630615640599,0.23835274542429286,0.24417637271214643,0.23835274542429286,0.2949251247920133
1721,25.0,50.0,0.7,0.05,1.0,0.22628951747088186,0.22628951747088186,0.22628951747088186,0.22628951747088186,0.22628951747088186
1722,25.0,50.0,0.7,0.05,1.0,0.2021630615640599,0.23835274542429286,0.24417637271214643,0.23835274542429286,0.2949251247920133
1723,25.0,50.0,0.7,0.05,1.0,0.5103993344425957,0.5351497504159733,0.548044925124792,0.5630199667221298,0.565099833610649
1724,25.0,50.0,0.7,0.05,1.0,0.22483361064891846,0.2549916805324459,0.2608153078202995,0.2549916805324459,0.2549916805324459
1725,25.0,50.0,0.7,0.05,1.0,0.22628951747088186,0.22628951747088186,0.22628951747088186,0.22628951747088186,0.22628951747088186
1726,25.0,50.0,0.7,0.05,1.0,0.22628951747088186,0.22628951747088186,0.22628951747088186,0.22628951747088186,0.22628951747088186
1727,25.0,50.0,0.7,0.05,1.0,0.29346921797004993,0.2782861896838602,0.27579034941763725,0.2926372712146423,0.2926372712146423
1728,25.0,50.0,0.7,0.05,1.0,0.3088602329450915,0.30303660565723795,0.30303660565723795,0.3057404326123128,0.3057404326123128
1729,25.0,50.0,0.7,0.05,1.0,0.22628951747088186,0.22628951747088186,0.22628951747088186,0.22628951747088186,0.22628951747088186
1730,25.0,50.0,0.7,0.05,1.0,0.38207154742096505,0.3949667221297837,0.4145174708818636,0.420757071547421,0.4288685524126456
1731,25.0,50.0,0.7,0.05,1.0,0.27267054908485855,0.26767886855241263,0.26767886855241263,0.26643094841930115,0.3136439267886855
1732,25.0,50.0,0.7,0.05,1.0,0.3198835274542429,0.3084442595673877,0.3084442595673877,0.3115640599001664,0.31426788685524126
1733,25.0,50.0,0.7,0.05,1.0,0.26934276206322794,0.2766222961730449,0.33756239600665555,0.3417221297836938,0.36335274542429286
1734,25.0,50.0,0.7,0.05,1.0,0.24958402662229617,0.26185524126455906,0.3354825291181364,0.3354825291181364,0.3381863560732113
1735,25.0,50.0,0.7,0.05,1.0,0.3213394342762063,0.31114808652246256,0.31114808652246256,0.31114808652246256,0.32799500831946754
1736,25.0,50.0,0.7,0.05,1.0,0.254783693843594,0.3026206322795341,0.3026206322795341,0.3026206322795341,0.3084442595673877
1737,25.0,50.0,0.7,0.05,1.0,0.28265391014975044,0.28265391014975044,0.28265391014975044,0.28265391014975044,0.28265391014975044
1738,25.0,50.0,0.7,0.05,1.0,0.3036605657237937,0.2036189683860233,0.20112312811980032,0.22961730449251247,0.3026206322795341
1739,25.0,50.0,0.7,0.05,1.0,0.33735440931780364,0.22192179700499168,0.38706322795341097,0.3192595673876872,0.35856905158069885
1740,25.0,50.0,0.7,0.05,1.0,0.1836522462562396,0.17824459234608986,0.1836522462562396,0.1836522462562396,0.1836522462562396
1741,25.0,50.0,0.7,0.05,1.0,0.18552412645590682,0.18552412645590682,0.18552412645590682,0.18552412645590682,0.18552412645590682
1742,25.0,50.0,0.7,0.05,1.0,0.18552412645590682,0.18552412645590682,0.18552412645590682,0.18552412645590682,0.18552412645590682
1743,25.0,50.0,0.7,0.05,1.0,0.18552412645590682,0.18552412645590682,0.18552412645590682,0.18552412645590682,0.18552412645590682
1744,25.0,50.0,0.7,0.05,1.0,0.2021630615640599,0.23835274542429286,0.24417637271214643,0.23835274542429286,0.2949251247920133
1745,25.0,50.0,0.7,0.05,1.0,0.22628951747088186,0.22628951747088186,0.22628951747088186,0.22628951747088186,0.22628951747088186
1746,25.0,50.0,0.7,0.05,1.0,0.21630615640599002,0.21630615640599002,0.21630615640599002,0.21630615640599002,0.24563227953410982
1747,25.0,50.0,0.7,0.05,1.0,0.22628951747088186,0.22628951747088186,0.22628951747088186,0.22628951747088186,0.22628951747088186
1748,25.0,50.0,0.7,0.05,1.0,0.1836522462562396,0.17824459234608986,0.1836522462562396,0.1836522462562396,0.1836522462562396
1749,25.0,50.0,0.7,0.05,1.0,0.18552412645590682,0.18552412645590682,0.18552412645590682,0.18552412645590682,0.18552412645590682
1750,25.0,50.0,0.7,0.05,1.0,0.22628951747088186,0.22628951747088186,0.22628951747088186,0.22628951747088186,0.22628951747088186
1751,25.0,50.0,0.7,0.05,1.0,0.18552412645590682,0.18552412645590682,0.18552412645590682,0.18552412645590682,0.18552412645590682
1752,25.0,50.0,0.7,0.05,1.0,0.22628951747088186,0.22628951747088186,0.22628951747088186,0.22628951747088186,0.22628951747088186
1753,25.0,50.0,0.7,0.05,1.0,0.18552412645590682,0.18552412645590682,0.18552412645590682,0.18552412645590682,0.18552412645590682
1754,25.0,50.0,0.7,0.05,1.0,0.18552412645590682,0.18552412645590682,0.18552412645590682,0.18552412645590682,0.18552412645590682
1755,25.0,50.0,0.7,0.05,1.0,0.22628951747088186,0.22628951747088186,0.22628951747088186,0.22628951747088186,0.22628951747088186
1756,25.0,50.0,0.7,0.05,1.0,0.30657237936772047,0.30906821963394343,0.30657237936772047,0.30657237936772047,0.30657237936772047
1757,25.0,50.0,0.7,0.05,1.0,0.18552412645590682,0.18552412645590682,0.18552412645590682,0.18552412645590682,0.18552412645590682
1758,25.0,50.0,0.7,0.05,1.0,0.1836522462562396,0.17824459234608986,0.1836522462562396,0.1836522462562396,0.1836522462562396
1759,25.0,50.0,0.7,0.05,1.0,0.2021630615640599,0.23835274542429286,0.24417637271214643,0.23835274542429286,0.2949251247920133
1760,25.0,50.0,0.7,0.05,1.0,0.1836522462562396,0.17824459234608986,0.1836522462562396,0.1836522462562396,0.1836522462562396
1761,25.0,50.0,0.7,0.05,1.0,0.2021630615640599,0.23835274542429286,0.24417637271214643,0.23835274542429286,0.2949251247920133
1762,25.0,50.0,0.7,0.05,1.0,0.18552412645590682,0.18552412645590682,0.18552412645590682,0.18552412645590682,0.18552412645590682
1763,25.0,50.0,0.7,0.05,1.0,0.1836522462562396,0.17824459234608986,0.1836522462562396,0.1836522462562396,0.1836522462562396
1764,25.0,50.0,0.7,0.05,1.0,0.1836522462562396,0.17824459234608986,0.1836522462562396,0.1836522462562396,0.1836522462562396
1765,25.0,50.0,0.7,0.05,1.0,0.18552412645590682,0.18552412645590682,0.18552412645590682,0.18552412645590682,0.18552412645590682
1766,25.0,50.0,0.7,0.05,1.0,0.1836522462562396,0.17824459234608986,0.1836522462562396,0.1836522462562396,0.1836522462562396
1767,25.0,50.0,0.7,0.05,1.0,0.1836522462562396,0.17824459234608986,0.1836522462562396,0.1836522462562396,0.1836522462562396
1768,25.0,50.0,0.7,0.05,1.0,0.18552412645590682,0.18552412645590682,0.18552412645590682,0.18552412645590682,0.18552412645590682
1769,25.0,50.0,0.7,0.05,1.0,0.1836522462562396,0.17824459234608986,0.1836522462562396,0.1836522462562396,0.1836522462562396
1770,25.0,50.0,0.7,0.05,1.0,0.22483361064891846,0.2549916805324459,0.2608153078202995,0.2549916805324459,0.2549916805324459
1771,25.0,50.0,0.7,0.05,1.0,0.18552412645590682,0.18552412645590682,0.18552412645590682,0.18552412645590682,0.18552412645590682
1772,25.0,50.0,0.7,0.05,1.0,0.28265391014975044,0.28265391014975044,0.28265391014975044,0.28265391014975044,0.28265391014975044
1773,25.0,50.0,0.7,0.05,1.0,0.1836522462562396,0.17824459234608986,0.1836522462562396,0.1836522462562396,0.1836522462562396
1774,25.0,50.0,0.7,0.05,1.0,0.18552412645590682,0.18552412645590682,0.18552412645590682,0.18552412645590682,0.18552412645590682
1775,25.0,50.0,0.7,0.05,1.0,0.18552412645590682,0.18552412645590682,0.18552412645590682,0.18552412645590682,0.18552412645590682
1776,25.0,50.0,0.7,0.05,1.0,0.22483361064891846,0.2549916805324459,0.2608153078202995,0.2549916805324459,0.2549916805324459
1777,25.0,50.0,0.7,0.05,1.0,0.1836522462562396,0.17824459234608986,0.1836522462562396,0.1836522462562396,0.1836522462562396
1778,25.0,50.0,0.7,0.05,1.0,0.22628951747088186,0.22628951747088186,0.22628951747088186,0.22628951747088186,0.22628951747088186
1779,25.0,50.0,0.7,0.05,1.0,0.22628951747088186,0.22628951747088186,0.22628951747088186,0.22628951747088186,0.22628951747088186
1780,25.0,50.0,0.7,0.05,1.0,0.22628951747088186,0.22628951747088186,0.22628951747088186,0.22628951747088186,0.22628951747088186
1781,25.0,50.0,0.7,0.05,1.0,0.22628951747088186,0.22628951747088186,0.22628951747088186,0.22628951747088186,0.22628951747088186
1782,25.0,50.0,0.7,0.05,1.0,0.18552412645590682,0.18552412645590682,0.18552412645590682,0.18552412645590682,0.18552412645590682
1783,25.0,50.0,0.7,0.05,1.0,0.18552412645590682,0.18552412645590682,0.18552412645590682,0.18552412645590682,0.18552412645590682
1784,25.0,50.0,0.7,0.05,1.0,0.1836522462562396,0.17824459234608986,0.1836522462562396,0.1836522462562396,0.1836522462562396
1785,25.0,50.0,0.7,0.05,1.0,0.18552412645590682,0.18552412645590682,0.18552412645590682,0.18552412645590682,0.18552412645590682
1786,25.0,50.0,0.7,0.05,1.0,0.22628951747088186,0.22628951747088186,0.22628951747088186,0.22628951747088186,0.22628951747088186
1787,25.0,50.0,0.7,0.05,1.0,0.18552412645590682,0.18552412645590682,0.18552412645590682,0.18552412645590682,0.18552412645590682
1788,25.0,50.0,0.7,0.05,1.0,0.18552412645590682,0.18552412645590682,0.18552412645590682,0.18552412645590682,0.18552412645590682
1789,25.0,50.0,0.7,0.05,1.0,0.18552412645590682,0.18552412645590682,0.18552412645590682,0.18552412645590682,0.18552412645590682
1790,25.0,50.0,0.7,0.05,1.0,0.22628951747088186,0.22628951747088186,0.22628951747088186,0.22628951747088186,0.22628951747088186
1791,25.0,50.0,0.7,0.05,1.0,0.18552412645590682,0.18552412645590682,0.18552412645590682,0.18552412645590682,0.18552412645590682
1792,25.0,50.0,0.7,0.05,1.0,0.18552412645590682,0.18552412645590682,0.18552412645590682,0.18552412645590682,0.18552412645590682
1793,25.0,50.0,0.7,0.05,1.0,0.18552412645590682,0.18552412645590682,0.18552412645590682,0.18552412645590682,0.18552412645590682
1794,25.0,50.0,0.7,0.05,1.0,0.18552412645590682,0.18552412645590682,0.18552412645590682,0.18552412645590682,0.18552412645590682
1795,25.0,50.0,0.7,0.05,1.0,0.18552412645590682,0.18552412645590682,0.18552412645590682,0.18552412645590682,0.18552412645590682
1796,25.0,50.0,0.7,0.05,1.0,0.18552412645590682,0.18552412645590682,0.18552412645590682,0.18552412645590682,0.18552412645590682
1797,25.0,50.0,0.7,0.05,1.0,0.1836522462562396,0.17824459234608986,0.1836522462562396,0.1836522462562396,0.1836522462562396
1798,25.0,50.0,0.7,0.05,1.0,0.1836522462562396,0.17824459234608986,0.1836522462562396,0.1836522462562396,0.1836522462562396
1799,25.0,50.0,0.7,0.05,1.0,0.18552412645590682,0.18552412645590682,0.18552412645590682,0.18552412645590682,0.18552412645590682
1800,25.0,50.0,0.7,0.05,1.0,0.375,0.3531613976705491,0.2718386023294509,0.3381863560732113,0.3410981697171381
1801,25.0,50.0,0.7,0.05,1.0,0.3194675540765391,0.2918053244592346,0.2976289517470882,0.2918053244592346,0.2918053244592346
1802,25.0,50.0,0.7,0.05,1.0,0.1836522462562396,0.17824459234608986,0.1836522462562396,0.1836522462562396,0.1836522462562396
1803,25.0,50.0,0.7,0.05,1.0,0.3211314475873544,0.32653910149750415,0.3209234608985025,0.34442595673876875,0.3469217970049917
1804,25.0,50.0,0.7,0.05,1.0,0.22628951747088186,0.22628951747088186,0.22628951747088186,0.22628951747088186,0.22628951747088186
1805,25.0,50.0,0.7,0.05,1.0,0.34463394342762066,0.2098585690515807,0.33444259567387685,0.33444259567387685,0.33444259567387685
1806,25.0,50.0,0.7,0.05,1.0,0.28265391014975044,0.28265391014975044,0.28265391014975044,0.28265391014975044,0.28265391014975044
1807,25.0,50.0,0.7,0.05,1.0,0.3354825291181364,0.32529118136439267,0.32529118136439267,0.32529118136439267,0.3381863560732113
1808,25.0,50.0,0.7,0.05,1.0,0.2021630615640599,0.23835274542429286,0.24417637271214643,0.23835274542429286,0.2949251247920133
1809,25.0,50.0,0.7,0.05,1.0,0.3271630615640599,0.2314891846921797,0.3273710482529118,0.3273710482529118,0.3273710482529118
1810,25.0,50.0,0.7,0.05,1.0,0.33777038269550747,0.35253743760399336,0.34421797004991683,0.3452579034941764,0.34775374376039936
1811,25.0,50.0,0.7,0.05,1.0,0.14288685524126457,0.2485440931780366,0.23107321131447586,0.2502079866888519,0.2502079866888519
1812,25.0,50.0,0.7,0.05,1.0,0.3454658901830283,0.32799500831946754,0.3643926788685524,0.36335274542429286,0.324459234608985
1813,25.0,50.0,0.7,0.05,1.0,0.22628951747088186,0.22628951747088186,0.22628951747088186,0.22628951747088186,0.22628951747088186
1814,25.0,50.0,0.7,0.05,1.0,0.38706322795341097,0.3949667221297837,0.4128535773710483,0.41430948419301167,0.43136439267886856
1815,25.0,50.0,0.7,0.05,1.0,0.18594009983361065,0.31697171381031614,0.2316971713810316,0.2316971713810316,0.31114808652246256
1816,25.0,50.0,0.7,0.05,1.0,0.28265391014975044,0.28265391014975044,0.28265391014975044,0.28265391014975044,0.28265391014975044
1817,25.0,50.0,0.7,0.05,1.0,0.2021630615640599,0.23835274542429286,0.24417637271214643,0.23835274542429286,0.2949251247920133
1818,25.0,50.0,0.7,0.05,1.0,0.22483361064891846,0.2549916805324459,0.2608153078202995,0.2549916805324459,0.2549916805324459
1819,25.0,50.0,0.7,0.05,1.0,0.30012479201331116,0.30969217970049917,0.326955074875208,0.326955074875208,0.324459234608985
1820,25.0,50.0,0.7,0.05,1.0,0.18552412645590682,0.18552412645590682,0.18552412645590682,0.18552412645590682,0.18552412645590682
1821,25.0,50.0,0.7,0.05,1.0,0.2021630615640599,0.23835274542429286,0.24417637271214643,0.23835274542429286,0.2949251247920133
1822,25.0,50.0,0.7,0.05,1.0,0.2021630615640599,0.21630615640599002,0.2160981697171381,0.2992928452579035,0.31426788685524126
1823,25.0,50.0,0.7,0.05,1.0,0.2597753743760399,0.2512479201331115,0.2628951747088186,0.3779118136439268,0.3417221297836938
1824,25.0,50.0,0.7,0.05,1.0,0.3036605657237937,0.2036189683860233,0.20112312811980032,0.22961730449251247,0.3026206322795341
1825,25.0,50.0,0.7,0.05,1.0,0.22462562396006655,0.3254991680532446,0.3082362728785358,0.3180116472545757,0.3182196339434276
1826,25.0,50.0,0.7,0.05,1.0,0.20777870216306157,0.2302412645590682,0.31593178036605657,0.23564891846921798,0.31593178036605657
1827,25.0,50.0,0.7,0.05,1.0,0.28265391014975044,0.28265391014975044,0.28265391014975044,0.28265391014975044,0.28265391014975044
1828,25.0,50.0,0.7,0.05,1.0,0.22628951747088186,0.22628951747088186,0.22628951747088186,0.22628951747088186,0.22628951747088186
1829,25.0,50.0,0.7,0.05,1.0,0.4209650582362729,0.4147254575707155,0.4367720465890183,0.44696339434276205,0.4490432612312812
1830,25.0,50.0,0.7,0.05,1.0,0.22628951747088186,0.22628951747088186,0.22628951747088186,0.22628951747088186,0.22628951747088186
1831,25.0,50.0,0.7,0.05,1.0,0.18552412645590682,0.18552412645590682,0.18552412645590682,0.18552412645590682,0.18552412645590682
1832,25.0,50.0,0.7,0.05,1.0,0.28265391014975044,0.28265391014975044,0.28265391014975044,0.28265391014975044,0.28265391014975044
1833,25.0,50.0,0.7,0.05,1.0,0.1836522462562396,0.17824459234608986,0.1836522462562396,0.1836522462562396,0.1836522462562396
1834,25.0,50.0,0.7,0.05,1.0,0.18552412645590682,0.18552412645590682,0.18552412645590682,0.18552412645590682,0.18552412645590682
1835,25.0,50.0,0.7,0.05,1.0,0.22483361064891846,0.2549916805324459,0.2608153078202995,0.2549916805324459,0.2549916805324459
1836,25.0,50.0,0.7,0.05,1.0,0.1836522462562396,0.17824459234608986,0.1836522462562396,0.1836522462562396,0.1836522462562396
1837,25.0,50.0,0.7,0.05,1.0,0.22628951747088186,0.22628951747088186,0.22628951747088186,0.22628951747088186,0.22628951747088186
1838,25.0,50.0,0.7,0.05,1.0,0.1836522462562396,0.17824459234608986,0.1836522462562396,0.1836522462562396,0.1836522462562396
1839,25.0,50.0,0.7,0.05,1.0,0.22628951747088186,0.22628951747088186,0.22628951747088186,0.22628951747088186,0.22628951747088186
1840,25.0,50.0,0.7,0.05,1.0,0.18552412645590682,0.18552412645590682,0.18552412645590682,0.18552412645590682,0.18552412645590682
1841,25.0,50.0,0.7,0.05,1.0,0.18552412645590682,0.18552412645590682,0.18552412645590682,0.18552412645590682,0.18552412645590682
1842,25.0,50.0,0.7,0.05,1.0,0.18552412645590682,0.18552412645590682,0.18552412645590682,0.18552412645590682,0.18552412645590682
1843,25.0,50.0,0.7,0.05,1.0,0.22628951747088186,0.22628951747088186,0.22628951747088186,0.22628951747088186,0.22628951747088186
1844,25.0,50.0,0.7,0.05,1.0,0.22628951747088186,0.22628951747088186,0.22628951747088186,0.22628951747088186,0.22628951747088186
1845,25.0,50.0,0.7,0.05,1.0,0.18552412645590682,0.18552412645590682,0.18552412645590682,0.18552412645590682,0.18552412645590682
1846,25.0,50.0,0.7,0.05,1.0,0.18552412645590682,0.18552412645590682,0.18552412645590682,0.18552412645590682,0.18552412645590682
1847,25.0,50.0,0.7,0.05,1.0,0.28265391014975044,0.28265391014975044,0.28265391014975044,0.28265391014975044,0.28265391014975044
1848,25.0,50.0,0.7,0.05,1.0,0.18552412645590682,0.18552412645590682,0.18552412645590682,0.18552412645590682,0.18552412645590682
1849,25.0,50.0,0.7,0.05,1.0,0.1836522462562396,0.17824459234608986,0.1836522462562396,0.1836522462562396,0.1836522462562396
1850,25.0,50.0,0.7,0.05,1.0,0.18552412645590682,0.18552412645590682,0.18552412645590682,0.18552412645590682,0.18552412645590682
1851,25.0,50.0,0.7,0.05,1.0,0.21630615640599002,0.21630615640599002,0.21630615640599002,0.21630615640599002,0.24563227953410982
1852,25.0,50.0,0.7,0.05,1.0,0.18552412645590682,0.18552412645590682,0.18552412645590682,0.18552412645590682,0.18552412645590682
1853,25.0,50.0,0.7,0.05,1.0,0.18552412645590682,0.18552412645590682,0.18552412645590682,0.18552412645590682,0.18552412645590682
1854,25.0,50.0,0.7,0.05,1.0,0.18552412645590682,0.18552412645590682,0.18552412645590682,0.18552412645590682,0.18552412645590682
1855,25.0,50.0,0.7,0.05,1.0,0.1836522462562396,0.17824459234608986,0.1836522462562396,0.1836522462562396,0.1836522462562396
1856,25.0,50.0,0.7,0.05,1.0,0.22628951747088186,0.22628951747088186,0.22628951747088186,0.22628951747088186,0.22628951747088186
1857,25.0,50.0,0.7,0.05,1.0,0.18552412645590682,0.18552412645590682,0.18552412645590682,0.18552412645590682,0.18552412645590682
1858,25.0,50.0,0.7,0.05,1.0,0.22628951747088186,0.22628951747088186,0.22628951747088186,0.22628951747088186,0.22628951747088186
1859,25.0,50.0,0.7,0.05,1.0,0.18552412645590682,0.18552412645590682,0.18552412645590682,0.18552412645590682,0.18552412645590682
1860,25.0,50.0,0.7,0.05,1.0,0.18552412645590682,0.18552412645590682,0.18552412645590682,0.18552412645590682,0.18552412645590682
1861,25.0,50.0,0.7,0.05,1.0,0.18552412645590682,0.18552412645590682,0.18552412645590682,0.18552412645590682,0.18552412645590682
1862,25.0,50.0,0.7,0.05,1.0,0.18552412645590682,0.18552412645590682,0.18552412645590682,0.18552412645590682,0.18552412645590682
1863,25.0,50.0,0.7,0.05,1.0,0.18552412645590682,0.18552412645590682,0.18552412645590682,0.18552412645590682,0.18552412645590682
1864,25.0,50.0,0.7,0.05,1.0,0.18552412645590682,0.18552412645590682,0.18552412645590682,0.18552412645590682,0.18552412645590682
1865,25.0,50.0,0.7,0.05,1.0,0.18552412645590682,0.18552412645590682,0.18552412645590682,0.18552412645590682,0.18552412645590682
1866,25.0,50.0,0.7,0.05,1.0,0.18552412645590682,0.18552412645590682,0.18552412645590682,0.18552412645590682,0.18552412645590682
1867,25.0,50.0,0.7,0.05,1.0,0.18552412645590682,0.18552412645590682,0.18552412645590682,0.18552412645590682,0.18552412645590682
1868,25.0,50.0,0.7,0.05,1.0,0.28265391014975044,0.28265391014975044,0.28265391014975044,0.28265391014975044,0.28265391014975044
1869,25.0,50.0,0.7,0.05,1.0,0.18552412645590682,0.18552412645590682,0.18552412645590682,0.18552412645590682,0.18552412645590682
1870,25.0,50.0,0.7,0.05,1.0,0.18552412645590682,0.18552412645590682,0.18552412645590682,0.18552412645590682,0.18552412645590682
1871,25.0,50.0,0.7,0.05,1.0,0.18552412645590682,0.18552412645590682,0.18552412645590682,0.18552412645590682,0.18552412645590682
1872,25.0,50.0,0.7,0.05,1.0,0.18552412645590682,0.18552412645590682,0.18552412645590682,0.18552412645590682,0.18552412645590682
1873,25.0,50.0,0.7,0.05,1.0,0.18552412645590682,0.18552412645590682,0.18552412645590682,0.18552412645590682,0.18552412645590682
1874,25.0,50.0,0.7,0.05,1.0,0.18552412645590682,0.18552412645590682,0.18552412645590682,0.18552412645590682,0.18552412645590682
1875,25.0,50.0,0.7,0.05,1.0,0.18552412645590682,0.18552412645590682,0.18552412645590682,0.18552412645590682,0.18552412645590682
1876,25.0,50.0,0.7,0.05,1.0,0.18552412645590682,0.18552412645590682,0.18552412645590682,0.18552412645590682,0.18552412645590682
1877,25.0,50.0,0.7,0.05,1.0,0.1836522462562396,0.17824459234608986,0.1836522462562396,0.1836522462562396,0.1836522462562396
1878,25.0,50.0,0.7,0.05,1.0,0.18552412645590682,0.18552412645590682,0.18552412645590682,0.18552412645590682,0.18552412645590682
1879,25.0,50.0,0.7,0.05,1.0,0.18552412645590682,0.18552412645590682,0.18552412645590682,0.18552412645590682,0.18552412645590682
1880,25.0,50.0,0.7,0.05,1.0,0.1836522462562396,0.17824459234608986,0.1836522462562396,0.1836522462562396,0.1836522462562396
1881,25.0,50.0,0.7,0.05,1.0,0.18552412645590682,0.18552412645590682,0.18552412645590682,0.18552412645590682,0.18552412645590682
1882,25.0,50.0,0.7,0.05,1.0,0.18552412645590682,0.18552412645590682,0.18552412645590682,0.18552412645590682,0.18552412645590682
1883,25.0,50.0,0.7,0.05,1.0,0.18552412645590682,0.18552412645590682,0.18552412645590682,0.18552412645590682,0.18552412645590682
1884,25.0,50.0,0.7,0.05,1.0,0.22628951747088186,0.22628951747088186,0.22628951747088186,0.22628951747088186,0.22628951747088186
1885,25.0,50.0,0.7,0.05,1.0,0.18552412645590682,0.18552412645590682,0.18552412645590682,0.18552412645590682,0.18552412645590682
1886,25.0,50.0,0.7,0.05,1.0,0.1836522462562396,0.17824459234608986,0.1836522462562396,0.1836522462562396,0.1836522462562396
1887,25.0,50.0,0.7,0.05,1.0,0.18552412645590682,0.18552412645590682,0.18552412645590682,0.18552412645590682,0.18552412645590682
1888,25.0,50.0,0.7,0.05,1.0,0.18552412645590682,0.18552412645590682,0.18552412645590682,0.18552412645590682,0.18552412645590682
1889,25.0,50.0,0.7,0.05,1.0,0.18552412645590682,0.18552412645590682,0.18552412645590682,0.18552412645590682,0.18552412645590682
1890,25.0,50.0,0.7,0.05,1.0,0.1836522462562396,0.17824459234608986,0.1836522462562396,0.1836522462562396,0.1836522462562396
1891,25.0,50.0,0.7,0.05,1.0,0.1836522462562396,0.17824459234608986,0.1836522462562396,0.1836522462562396,0.1836522462562396
1892,25.0,50.0,0.7,0.05,1.0,0.18552412645590682,0.18552412645590682,0.18552412645590682,0.18552412645590682,0.18552412645590682
1893,25.0,50.0,0.7,0.05,1.0,0.18552412645590682,0.18552412645590682,0.18552412645590682,0.18552412645590682,0.18552412645590682
1894,25.0,50.0,0.7,0.05,1.0,0.22628951747088186,0.22628951747088186,0.22628951747088186,0.22628951747088186,0.22628951747088186
1895,25.0,50.0,0.7,0.05,1.0,0.18552412645590682,0.18552412645590682,0.18552412645590682,0.18552412645590682,0.18552412645590682
1896,25.0,50.0,0.7,0.05,1.0,0.18552412645590682,0.18552412645590682,0.18552412645590682,0.18552412645590682,0.18552412645590682
1897,25.0,50.0,0.7,0.05,1.0,0.1836522462562396,0.17824459234608986,0.1836522462562396,0.1836522462562396,0.1836522462562396
1898,25.0,50.0,0.7,0.05,1.0,0.22628951747088186,0.22628951747088186,0.22628951747088186,0.22628951747088186,0.22628951747088186
1899,25.0,50.0,0.7,0.05,1.0,0.1836522462562396,0.17824459234608986,0.1836522462562396,0.1836522462562396,0.1836522462562396
1900,25.0,50.0,0.7,0.05,1.0,0.22628951747088186,0.22628951747088186,0.22628951747088186,0.22628951747088186,0.22628951747088186
1901,25.0,50.0,0.7,0.05,1.0,0.18552412645590682,0.18552412645590682,0.18552412645590682,0.18552412645590682,0.18552412645590682
1902,25.0,50.0,0.7,0.05,1.0,0.27911813643926786,0.21173044925124793,0.2175540765391015,0.2240016638935108,0.29700499168053246
1903,25.0,50.0,0.7,0.05,1.0,0.1836522462562396,0.17824459234608986,0.1836522462562396,0.1836522462562396,0.1836522462562396
1904,25.0,50.0,0.7,0.05,1.0,0.18552412645590682,0.18552412645590682,0.18552412645590682,0.18552412645590682,0.18552412645590682
1905,25.0,50.0,0.7,0.05,1.0,0.1836522462562396,0.17824459234608986,0.1836522462562396,0.1836522462562396,0.1836522462562396
1906,25.0,50.0,0.7,0.05,1.0,0.18552412645590682,0.18552412645590682,0.18552412645590682,0.18552412645590682,0.18552412645590682
1907,25.0,50.0,0.7,0.05,1.0,0.18552412645590682,0.18552412645590682,0.18552412645590682,0.18552412645590682,0.18552412645590682
1908,25.0,50.0,0.7,0.05,1.0,0.1836522462562396,0.17824459234608986,0.1836522462562396,0.1836522462562396,0.1836522462562396
1909,25.0,50.0,0.7,0.05,1.0,0.18552412645590682,0.18552412645590682,0.18552412645590682,0.18552412645590682,0.18552412645590682
1910,25.0,50.0,0.7,0.05,1.0,0.22628951747088186,0.22628951747088186,0.22628951747088186,0.22628951747088186,0.22628951747088186
1911,25.0,50.0,0.7,0.05,1.0,0.18552412645590682,0.18552412645590682,0.18552412645590682,0.18552412645590682,0.18552412645590682
1912,25.0,50.0,0.7,0.05,1.0,0.18552412645590682,0.18552412645590682,0.18552412645590682,0.18552412645590682,0.18552412645590682
1913,25.0,50.0,0.7,0.05,1.0,0.18552412645590682,0.18552412645590682,0.18552412645590682,0.18552412645590682,0.18552412645590682
1914,25.0,50.0,0.7,0.05,1.0,0.28265391014975044,0.28265391014975044,0.28265391014975044,0.28265391014975044,0.28265391014975044
1915,25.0,50.0,0.7,0.05,1.0,0.1836522462562396,0.17824459234608986,0.1836522462562396,0.1836522462562396,0.1836522462562396
1916,25.0,50.0,0.7,0.05,1.0,0.18552412645590682,0.18552412645590682,0.18552412645590682,0.18552412645590682,0.18552412645590682
1917,25.0,50.0,0.7,0.05,1.0,0.18552412645590682,0.18552412645590682,0.18552412645590682,0.18552412645590682,0.18552412645590682
1918,25.0,50.0,0.7,0.05,1.0,0.22628951747088186,0.22628951747088186,0.22628951747088186,0.22628951747088186,0.22628951747088186
1919,25.0,50.0,0.7,0.05,1.0,0.1836522462562396,0.17824459234608986,0.1836522462562396,0.1836522462562396,0.1836522462562396
1920,25.0,50.0,0.7,0.05,1.0,0.18552412645590682,0.18552412645590682,0.18552412645590682,0.18552412645590682,0.18552412645590682
1921,25.0,50.0,0.7,0.05,1.0,0.18552412645590682,0.18552412645590682,0.18552412645590682,0.18552412645590682,0.18552412645590682
1922,25.0,50.0,0.7,0.05,1.0,0.18552412645590682,0.18552412645590682,0.18552412645590682,0.18552412645590682,0.18552412645590682
1923,25.0,50.0,0.7,0.05,1.0,0.1836522462562396,0.17824459234608986,0.1836522462562396,0.1836522462562396,0.1836522462562396
1924,25.0,50.0,0.7,0.05,1.0,0.1836522462562396,0.17824459234608986,0.1836522462562396,0.1836522462562396,0.1836522462562396
1925,25.0,50.0,0.7,0.05,1.0,0.1836522462562396,0.17824459234608986,0.1836522462562396,0.1836522462562396,0.1836522462562396
1926,25.0,50.0,0.7,0.05,1.0,0.18552412645590682,0.18552412645590682,0.18552412645590682,0.18552412645590682,0.18552412645590682
1927,25.0,50.0,0.7,0.05,1.0,0.1836522462562396,0.17824459234608986,0.1836522462562396,0.1836522462562396,0.1836522462562396
1928,25.0,50.0,0.7,0.05,1.0,0.1836522462562396,0.17824459234608986,0.1836522462562396,0.1836522462562396,0.1836522462562396
1929,25.0,50.0,0.7,0.05,1.0,0.18552412645590682,0.18552412645590682,0.18552412645590682,0.18552412645590682,0.18552412645590682
1930,25.0,50.0,0.7,0.05,1.0,0.1836522462562396,0.17824459234608986,0.1836522462562396,0.1836522462562396,0.1836522462562396
1931,25.0,50.0,0.7,0.05,1.0,0.18552412645590682,0.18552412645590682,0.18552412645590682,0.18552412645590682,0.18552412645590682
1932,25.0,50.0,0.7,0.05,1.0,0.18552412645590682,0.18552412645590682,0.18552412645590682,0.18552412645590682,0.18552412645590682
1933,25.0,50.0,0.7,0.05,1.0,0.1836522462562396,0.17824459234608986,0.1836522462562396,0.1836522462562396,0.1836522462562396
1934,25.0,50.0,0.7,0.05,1.0,0.1836522462562396,0.17824459234608986,0.1836522462562396,0.1836522462562396,0.1836522462562396
1935,25.0,50.0,0.7,0.05,1.0,0.18552412645590682,0.18552412645590682,0.18552412645590682,0.18552412645590682,0.18552412645590682
1936,25.0,50.0,0.7,0.05,1.0,0.18552412645590682,0.18552412645590682,0.18552412645590682,0.18552412645590682,0.18552412645590682
1937,25.0,50.0,0.7,0.05,1.0,0.1836522462562396,0.17824459234608986,0.1836522462562396,0.1836522462562396,0.1836522462562396
1938,25.0,50.0,0.7,0.05,1.0,0.18552412645590682,0.18552412645590682,0.18552412645590682,0.18552412645590682,0.18552412645590682
1939,25.0,50.0,0.7,0.05,1.0,0.18552412645590682,0.18552412645590682,0.18552412645590682,0.18552412645590682,0.18552412645590682
1940,25.0,50.0,0.7,0.05,1.0,0.1836522462562396,0.17824459234608986,0.1836522462562396,0.1836522462562396,0.1836522462562396
1941,25.0,50.0,0.7,0.05,1.0,0.18552412645590682,0.18552412645590682,0.18552412645590682,0.18552412645590682,0.18552412645590682
1942,25.0,50.0,0.7,0.05,1.0,0.18552412645590682,0.18552412645590682,0.18552412645590682,0.18552412645590682,0.18552412645590682
1943,25.0,50.0,0.7,0.05,1.0,0.18552412645590682,0.18552412645590682,0.18552412645590682,0.18552412645590682,0.18552412645590682
